node1,node2,tstart,tend,line
Harrow & Wealdstone,Kenton,852,854,Bakerloo line to Kenton
Kenton,South Kenton,854,856,Bakerloo line to South Kenton
South Kenton,North Wembley,856,858,Bakerloo line to North Wembley
North Wembley,Wembley Central,858,860,Bakerloo line to Wembley Central
Wembley Central,Stonebridge Park,860,862,Bakerloo line to Stonebridge Park
Stonebridge Park,Harlesden,863,865,Bakerloo line to Harlesden
Harlesden,Willesden Junction,865,867,Bakerloo line to Willesden Junction
Willesden Junction,Kensal Green,867,869,Bakerloo line to Kensal Green
Kensal Green,Queen's Park,870,873,Bakerloo line to Queen's Park
Queen's Park,Kilburn Park,874,875,Bakerloo line to Kilburn Park
Kilburn Park,Maida Vale,876,877,Bakerloo line to Maida Vale
Maida Vale,Warwick Avenue,878,879,Bakerloo line to Warwick Avenue
Warwick Avenue,Paddington,879,880,Bakerloo line to Paddington
Paddington,Edgware Road (Bakerloo),881,882,Bakerloo line to Edgware Road (Bakerloo Line)
Edgware Road (Bakerloo),Marylebone,883,884,Bakerloo line to Marylebone
Marylebone,Baker Street,884,885,Bakerloo line to Baker Street
Baker Street,Regent's Park,886,887,Bakerloo line to Regent's Park
Regent's Park,Oxford Circus,887,889,Bakerloo line to Oxford Circus
Oxford Circus,Piccadilly Circus,890,891,Bakerloo line to Piccadilly Circus
Piccadilly Circus,Charing Cross,892,893,Bakerloo line to Charing Cross
Charing Cross,Embankment,893,893,Northern line or Bakerloo line to Embankment
Embankment,Waterloo,894,895,Northern line or Bakerloo line to Waterloo
Waterloo,Lambeth North,896,897,Bakerloo line to Lambeth North
Lambeth North,Elephant & Castle,898,901,Bakerloo line to Elephant & Castle
Harrow & Wealdstone,Kenton,863,865,Bakerloo line to Kenton
Kenton,South Kenton,865,867,Bakerloo line to South Kenton
South Kenton,North Wembley,867,869,Bakerloo line to North Wembley
North Wembley,Wembley Central,869,871,Bakerloo line to Wembley Central
Wembley Central,Stonebridge Park,871,873,Bakerloo line to Stonebridge Park
Stonebridge Park,Harlesden,874,876,Bakerloo line to Harlesden
Harlesden,Willesden Junction,876,878,Bakerloo line to Willesden Junction
Willesden Junction,Kensal Green,878,880,Bakerloo line to Kensal Green
Kensal Green,Queen's Park,881,885,Bakerloo line to Queen's Park
Queen's Park,Kilburn Park,887,888,Bakerloo line to Kilburn Park
Kilburn Park,Maida Vale,888,890,Bakerloo line to Maida Vale
Maida Vale,Warwick Avenue,890,891,Bakerloo line to Warwick Avenue
Warwick Avenue,Paddington,892,893,Bakerloo line to Paddington
Paddington,Edgware Road (Bakerloo),894,895,Bakerloo line to Edgware Road (Bakerloo Line)
Edgware Road (Bakerloo),Marylebone,895,896,Bakerloo line to Marylebone
Marylebone,Baker Street,897,898,Bakerloo line to Baker Street
Baker Street,Regent's Park,898,899,Bakerloo line to Regent's Park
Regent's Park,Oxford Circus,900,901,Bakerloo line to Oxford Circus
Oxford Circus,Piccadilly Circus,902,904,Bakerloo line to Piccadilly Circus
Piccadilly Circus,Charing Cross,904,905,Bakerloo line to Charing Cross
Charing Cross,Embankment,905,905,Northern line or Bakerloo line to Embankment
Embankment,Waterloo,906,907,Northern line or Bakerloo line to Waterloo
Waterloo,Lambeth North,909,910,Bakerloo line to Lambeth North
Lambeth North,Elephant & Castle,910,913,Bakerloo line to Elephant & Castle
Harrow & Wealdstone,Kenton,869,871,Bakerloo line to Kenton
Kenton,South Kenton,871,873,Bakerloo line to South Kenton
South Kenton,North Wembley,873,875,Bakerloo line to North Wembley
North Wembley,Wembley Central,875,877,Bakerloo line to Wembley Central
Wembley Central,Stonebridge Park,877,879,Bakerloo line to Stonebridge Park
Stonebridge Park,Harlesden,880,882,Bakerloo line to Harlesden
Harlesden,Willesden Junction,882,884,Bakerloo line to Willesden Junction
Willesden Junction,Kensal Green,884,886,Bakerloo line to Kensal Green
Kensal Green,Queen's Park,887,890,Bakerloo line to Queen's Park
Queen's Park,Kilburn Park,890,891,Bakerloo line to Kilburn Park
Kilburn Park,Maida Vale,892,893,Bakerloo line to Maida Vale
Maida Vale,Warwick Avenue,894,895,Bakerloo line to Warwick Avenue
Warwick Avenue,Paddington,895,896,Bakerloo line to Paddington
Paddington,Edgware Road (Bakerloo),897,898,Bakerloo line to Edgware Road (Bakerloo Line)
Edgware Road (Bakerloo),Marylebone,899,900,Bakerloo line to Marylebone
Marylebone,Baker Street,900,901,Bakerloo line to Baker Street
Baker Street,Regent's Park,902,903,Bakerloo line to Regent's Park
Regent's Park,Oxford Circus,903,905,Bakerloo line to Oxford Circus
Oxford Circus,Piccadilly Circus,906,907,Bakerloo line to Piccadilly Circus
Piccadilly Circus,Charing Cross,908,909,Bakerloo line to Charing Cross
Charing Cross,Embankment,909,910,Bakerloo line or Northern line to Embankment
Embankment,Waterloo,910,912,Bakerloo line or Northern line to Waterloo
Waterloo,Lambeth North,912,913,Bakerloo line to Lambeth North
Lambeth North,Elephant & Castle,914,917,Bakerloo line to Elephant & Castle
Harrow & Wealdstone,Kenton,882,884,Bakerloo line to Kenton
Kenton,South Kenton,884,886,Bakerloo line to South Kenton
South Kenton,North Wembley,886,888,Bakerloo line to North Wembley
North Wembley,Wembley Central,888,890,Bakerloo line to Wembley Central
Wembley Central,Stonebridge Park,890,892,Bakerloo line to Stonebridge Park
Stonebridge Park,Harlesden,893,895,Bakerloo line to Harlesden
Harlesden,Willesden Junction,895,897,Bakerloo line to Willesden Junction
Willesden Junction,Kensal Green,897,899,Bakerloo line to Kensal Green
Kensal Green,Queen's Park,900,904,Bakerloo line to Queen's Park
Queen's Park,Kilburn Park,906,907,Bakerloo line to Kilburn Park
Kilburn Park,Maida Vale,907,909,Bakerloo line to Maida Vale
Maida Vale,Warwick Avenue,909,910,Bakerloo line to Warwick Avenue
Warwick Avenue,Paddington,911,912,Bakerloo line to Paddington
Paddington,Edgware Road (Bakerloo),913,914,Bakerloo line to Edgware Road (Bakerloo Line)
Edgware Road (Bakerloo),Marylebone,914,915,Bakerloo line to Marylebone
Marylebone,Baker Street,916,917,Bakerloo line to Baker Street
Baker Street,Regent's Park,917,918,Bakerloo line to Regent's Park
Regent's Park,Oxford Circus,919,920,Bakerloo line to Oxford Circus
Oxford Circus,Piccadilly Circus,921,923,Bakerloo line to Piccadilly Circus
Piccadilly Circus,Charing Cross,923,924,Bakerloo line to Charing Cross
Charing Cross,Embankment,925,925,Bakerloo line or Northern line to Embankment
Embankment,Waterloo,926,927,Bakerloo line or Northern line to Waterloo
Waterloo,Lambeth North,928,929,Bakerloo line to Lambeth North
Lambeth North,Elephant & Castle,929,932,Bakerloo line to Elephant & Castle
Harrow & Wealdstone,Kenton,893,895,Bakerloo line to Kenton
Kenton,South Kenton,895,897,Bakerloo line to South Kenton
South Kenton,North Wembley,897,899,Bakerloo line to North Wembley
North Wembley,Wembley Central,899,901,Bakerloo line to Wembley Central
Wembley Central,Stonebridge Park,901,903,Bakerloo line to Stonebridge Park
Stonebridge Park,Harlesden,904,906,Bakerloo line to Harlesden
Harlesden,Willesden Junction,906,908,Bakerloo line to Willesden Junction
Willesden Junction,Kensal Green,908,910,Bakerloo line to Kensal Green
Kensal Green,Queen's Park,911,914,Bakerloo line to Queen's Park
Queen's Park,Kilburn Park,915,916,Bakerloo line to Kilburn Park
Kilburn Park,Maida Vale,917,918,Bakerloo line to Maida Vale
Maida Vale,Warwick Avenue,919,920,Bakerloo line to Warwick Avenue
Warwick Avenue,Paddington,920,922,Bakerloo line to Paddington
Paddington,Edgware Road (Bakerloo),922,923,Bakerloo line to Edgware Road (Bakerloo Line)
Edgware Road (Bakerloo),Marylebone,924,925,Bakerloo line to Marylebone
Marylebone,Baker Street,925,926,Bakerloo line to Baker Street
Baker Street,Regent's Park,927,928,Bakerloo line to Regent's Park
Regent's Park,Oxford Circus,928,930,Bakerloo line to Oxford Circus
Oxford Circus,Piccadilly Circus,931,932,Bakerloo line to Piccadilly Circus
Piccadilly Circus,Charing Cross,933,934,Bakerloo line to Charing Cross
Charing Cross,Embankment,935,935,Northern line or Bakerloo line to Embankment
Embankment,Waterloo,936,937,Northern line or Bakerloo line to Waterloo
Waterloo,Lambeth North,937,938,Bakerloo line to Lambeth North
Lambeth North,Elephant & Castle,939,942,Bakerloo line to Elephant & Castle
Harrow & Wealdstone,Kenton,899,901,Bakerloo line to Kenton
Kenton,South Kenton,901,903,Bakerloo line to South Kenton
South Kenton,North Wembley,903,905,Bakerloo line to North Wembley
North Wembley,Wembley Central,905,907,Bakerloo line to Wembley Central
Wembley Central,Stonebridge Park,907,909,Bakerloo line to Stonebridge Park
Stonebridge Park,Harlesden,910,912,Bakerloo line to Harlesden
Harlesden,Willesden Junction,912,914,Bakerloo line to Willesden Junction
Willesden Junction,Kensal Green,914,916,Bakerloo line to Kensal Green
Kensal Green,Queen's Park,917,920,Bakerloo line to Queen's Park
Queen's Park,Kilburn Park,921,922,Bakerloo line to Kilburn Park
Kilburn Park,Maida Vale,923,924,Bakerloo line to Maida Vale
Maida Vale,Warwick Avenue,925,926,Bakerloo line to Warwick Avenue
Warwick Avenue,Paddington,926,928,Bakerloo line to Paddington
Paddington,Edgware Road (Bakerloo),929,930,Bakerloo line to Edgware Road (Bakerloo Line)
Edgware Road (Bakerloo),Marylebone,930,931,Bakerloo line to Marylebone
Marylebone,Baker Street,932,933,Bakerloo line to Baker Street
Baker Street,Regent's Park,933,934,Bakerloo line to Regent's Park
Regent's Park,Oxford Circus,935,936,Bakerloo line to Oxford Circus
Oxford Circus,Piccadilly Circus,937,939,Bakerloo line to Piccadilly Circus
Piccadilly Circus,Charing Cross,939,940,Bakerloo line to Charing Cross
Charing Cross,Embankment,941,941,Bakerloo line or Northern line to Embankment
Embankment,Waterloo,942,943,Bakerloo line or Northern line to Waterloo
Waterloo,Lambeth North,944,945,Bakerloo line to Lambeth North
Lambeth North,Elephant & Castle,945,948,Bakerloo line to Elephant & Castle

Elephant & Castle,Lambeth North,842,843,Bakerloo line to Lambeth North
Lambeth North,Waterloo,844,845,Bakerloo line to Waterloo
Waterloo,Embankment,845,846,Northern line or Bakerloo line to Embankment
Embankment,Charing Cross,846,847,Northern line or Bakerloo line to Charing Cross
Charing Cross,Piccadilly Circus,848,850,Bakerloo line to Piccadilly Circus
Piccadilly Circus,Oxford Circus,850,852,Bakerloo line to Oxford Circus
Oxford Circus,Regent's Park,852,854,Bakerloo line to Regent's Park
Regent's Park,Baker Street,854,856,Bakerloo line to Baker Street
Baker Street,Marylebone,856,857,Bakerloo line to Marylebone
Marylebone,Edgware Road (Bakerloo),857,858,Bakerloo line to Edgware Road (Bakerloo Line)
Edgware Road (Bakerloo),Paddington,858,860,Bakerloo line to Paddington
Paddington,Warwick Avenue,860,862,Bakerloo line to Warwick Avenue
Warwick Avenue,Maida Vale,862,863,Bakerloo line to Maida Vale
Maida Vale,Kilburn Park,864,865,Bakerloo line to Kilburn Park
Kilburn Park,Queen's Park,866,868,Bakerloo line to Queen's Park
Queen's Park,Kensal Green,870,873,Bakerloo line to Kensal Green
Kensal Green,Willesden Junction,873,876,Bakerloo line to Willesden Junction
Willesden Junction,Harlesden,876,878,Bakerloo line to Harlesden
Harlesden,Stonebridge Park,878,880,Bakerloo line to Stonebridge Park
Stonebridge Park,Wembley Central,891,893,Bakerloo line to Wembley Central
Wembley Central,North Wembley,894,895,Bakerloo line to North Wembley
North Wembley,South Kenton,896,897,Bakerloo line to South Kenton
South Kenton,Kenton,898,899,Bakerloo line to Kenton
Kenton,Harrow & Wealdstone,900,901,Bakerloo line to Harrow & Wealdstone
Elephant & Castle,Lambeth North,851,853,Bakerloo line to Lambeth North
Lambeth North,Waterloo,853,855,Bakerloo line to Waterloo
Waterloo,Embankment,855,856,Bakerloo line or Northern line to Embankment
Embankment,Charing Cross,857,857,Bakerloo line to Charing Cross
Charing Cross,Piccadilly Circus,858,859,Bakerloo line to Piccadilly Circus
Piccadilly Circus,Oxford Circus,860,861,Bakerloo line to Oxford Circus
Oxford Circus,Regent's Park,862,863,Bakerloo line to Regent's Park
Regent's Park,Baker Street,864,865,Bakerloo line to Baker Street
Baker Street,Marylebone,866,866,Bakerloo line to Marylebone
Marylebone,Edgware Road (Bakerloo),867,867,Bakerloo line to Edgware Road (Bakerloo Line)
Edgware Road (Bakerloo),Paddington,868,869,Bakerloo line to Paddington
Paddington,Warwick Avenue,870,871,Bakerloo line to Warwick Avenue
Warwick Avenue,Maida Vale,872,873,Bakerloo line to Maida Vale
Maida Vale,Kilburn Park,873,875,Bakerloo line to Kilburn Park
Kilburn Park,Queen's Park,875,877,Bakerloo line to Queen's Park
Queen's Park,Kensal Green,879,882,Bakerloo line to Kensal Green
Kensal Green,Willesden Junction,883,885,Bakerloo line to Willesden Junction
Willesden Junction,Harlesden,886,887,Bakerloo line to Harlesden
Harlesden,Stonebridge Park,888,890,Bakerloo line to Stonebridge Park
Elephant & Castle,Lambeth North,857,859,Bakerloo line to Lambeth North
Lambeth North,Waterloo,859,861,Bakerloo line to Waterloo
Waterloo,Embankment,861,862,Bakerloo line or Northern line to Embankment
Embankment,Charing Cross,863,863,Bakerloo line to Charing Cross
Charing Cross,Piccadilly Circus,864,865,Bakerloo line to Piccadilly Circus
Piccadilly Circus,Oxford Circus,866,867,Bakerloo line to Oxford Circus
Oxford Circus,Regent's Park,868,869,Bakerloo line to Regent's Park
Regent's Park,Baker Street,870,871,Bakerloo line to Baker Street
Baker Street,Marylebone,872,872,Bakerloo line to Marylebone
Marylebone,Edgware Road (Bakerloo),873,873,Bakerloo line to Edgware Road (Bakerloo Line)
Edgware Road (Bakerloo),Paddington,874,875,Bakerloo line to Paddington
Paddington,Warwick Avenue,876,877,Bakerloo line to Warwick Avenue
Warwick Avenue,Maida Vale,878,879,Bakerloo line to Maida Vale
Maida Vale,Kilburn Park,879,881,Bakerloo line to Kilburn Park
Kilburn Park,Queen's Park,881,883,Bakerloo line to Queen's Park
Queen's Park,Kensal Green,888,890,Bakerloo line to Kensal Green
Kensal Green,Willesden Junction,891,893,Bakerloo line to Willesden Junction
Willesden Junction,Harlesden,894,895,Bakerloo line to Harlesden
Harlesden,Stonebridge Park,896,898,Bakerloo line to Stonebridge Park
Stonebridge Park,Wembley Central,898,900,Bakerloo line to Wembley Central
Wembley Central,North Wembley,901,902,Bakerloo line to North Wembley
North Wembley,South Kenton,903,904,Bakerloo line to South Kenton
South Kenton,Kenton,905,906,Bakerloo line to Kenton
Kenton,Harrow & Wealdstone,907,908,Bakerloo line to Harrow & Wealdstone
Elephant & Castle,Lambeth North,861,862,Bakerloo line to Lambeth North
Lambeth North,Waterloo,863,864,Bakerloo line to Waterloo
Waterloo,Embankment,865,866,Bakerloo line or Northern line to Embankment
Embankment,Charing Cross,866,867,Bakerloo line or Northern line to Charing Cross
Charing Cross,Piccadilly Circus,867,869,Bakerloo line to Piccadilly Circus
Piccadilly Circus,Oxford Circus,869,871,Bakerloo line to Oxford Circus
Oxford Circus,Regent's Park,871,873,Bakerloo line to Regent's Park
Regent's Park,Baker Street,873,875,Bakerloo line to Baker Street
Baker Street,Marylebone,875,876,Bakerloo line to Marylebone
Marylebone,Edgware Road (Bakerloo),876,877,Bakerloo line to Edgware Road (Bakerloo Line)
Edgware Road (Bakerloo),Paddington,877,879,Bakerloo line to Paddington
Paddington,Warwick Avenue,879,881,Bakerloo line to Warwick Avenue
Warwick Avenue,Maida Vale,881,882,Bakerloo line to Maida Vale
Maida Vale,Kilburn Park,883,884,Bakerloo line to Kilburn Park
Kilburn Park,Queen's Park,885,887,Bakerloo line to Queen's Park
Elephant & Castle,Lambeth North,867,868,Bakerloo line to Lambeth North
Lambeth North,Waterloo,869,870,Bakerloo line to Waterloo
Waterloo,Embankment,871,872,Bakerloo line or Northern line to Embankment
Embankment,Charing Cross,872,873,Bakerloo line or Northern line to Charing Cross
Charing Cross,Piccadilly Circus,873,875,Bakerloo line to Piccadilly Circus
Piccadilly Circus,Oxford Circus,875,877,Bakerloo line to Oxford Circus
Oxford Circus,Regent's Park,877,879,Bakerloo line to Regent's Park
Regent's Park,Baker Street,879,881,Bakerloo line to Baker Street
Baker Street,Marylebone,881,882,Bakerloo line to Marylebone
Marylebone,Edgware Road (Bakerloo),882,883,Bakerloo line to Edgware Road (Bakerloo Line)
Edgware Road (Bakerloo),Paddington,883,885,Bakerloo line to Paddington
Paddington,Warwick Avenue,885,887,Bakerloo line to Warwick Avenue
Warwick Avenue,Maida Vale,887,888,Bakerloo line to Maida Vale
Maida Vale,Kilburn Park,889,890,Bakerloo line to Kilburn Park
Kilburn Park,Queen's Park,891,893,Bakerloo line to Queen's Park
Queen's Park,Kensal Green,897,900,Bakerloo line to Kensal Green
Kensal Green,Willesden Junction,900,903,Bakerloo line to Willesden Junction
Willesden Junction,Harlesden,903,905,Bakerloo line to Harlesden
Harlesden,Stonebridge Park,905,907,Bakerloo line to Stonebridge Park
Stonebridge Park,Wembley Central,908,910,Bakerloo line to Wembley Central
Wembley Central,North Wembley,911,912,Bakerloo line to North Wembley
North Wembley,South Kenton,913,914,Bakerloo line to South Kenton
South Kenton,Kenton,915,916,Bakerloo line to Kenton
Kenton,Harrow & Wealdstone,917,918,Bakerloo line to Harrow & Wealdstone
Elephant & Castle,Lambeth North,870,872,Bakerloo line to Lambeth North
Lambeth North,Waterloo,872,874,Bakerloo line to Waterloo
Waterloo,Embankment,874,875,Bakerloo line or Northern line to Embankment
Embankment,Charing Cross,876,876,Bakerloo line to Charing Cross
Charing Cross,Piccadilly Circus,877,878,Bakerloo line to Piccadilly Circus
Piccadilly Circus,Oxford Circus,879,880,Bakerloo line to Oxford Circus
Oxford Circus,Regent's Park,881,882,Bakerloo line to Regent's Park
Regent's Park,Baker Street,883,884,Bakerloo line to Baker Street
Baker Street,Marylebone,885,885,Bakerloo line to Marylebone
Marylebone,Edgware Road (Bakerloo),886,886,Bakerloo line to Edgware Road (Bakerloo Line)
Edgware Road (Bakerloo),Paddington,887,888,Bakerloo line to Paddington
Paddington,Warwick Avenue,889,890,Bakerloo line to Warwick Avenue
Warwick Avenue,Maida Vale,891,892,Bakerloo line to Maida Vale
Maida Vale,Kilburn Park,892,894,Bakerloo line to Kilburn Park
Kilburn Park,Queen's Park,894,896,Bakerloo line to Queen's Park
Elephant & Castle,Lambeth North,876,878,Bakerloo line to Lambeth North
Lambeth North,Waterloo,878,880,Bakerloo line to Waterloo
Waterloo,Embankment,880,881,Bakerloo line or Northern line to Embankment
Embankment,Charing Cross,882,882,Bakerloo line to Charing Cross
Charing Cross,Piccadilly Circus,883,884,Bakerloo line to Piccadilly Circus
Piccadilly Circus,Oxford Circus,885,886,Bakerloo line to Oxford Circus
Oxford Circus,Regent's Park,887,888,Bakerloo line to Regent's Park
Regent's Park,Baker Street,889,890,Bakerloo line to Baker Street
Baker Street,Marylebone,891,891,Bakerloo line to Marylebone
Marylebone,Edgware Road (Bakerloo),892,892,Bakerloo line to Edgware Road (Bakerloo Line)
Edgware Road (Bakerloo),Paddington,893,894,Bakerloo line to Paddington
Paddington,Warwick Avenue,895,896,Bakerloo line to Warwick Avenue
Warwick Avenue,Maida Vale,897,898,Bakerloo line to Maida Vale
Maida Vale,Kilburn Park,898,900,Bakerloo line to Kilburn Park
Kilburn Park,Queen's Park,900,902,Bakerloo line to Queen's Park
Queen's Park,Kensal Green,910,912,Bakerloo line to Kensal Green
Kensal Green,Willesden Junction,913,915,Bakerloo line to Willesden Junction
Willesden Junction,Harlesden,916,917,Bakerloo line to Harlesden
Harlesden,Stonebridge Park,918,920,Bakerloo line to Stonebridge Park
Stonebridge Park,Wembley Central,921,923,Bakerloo line to Wembley Central
Wembley Central,North Wembley,924,925,Bakerloo line to North Wembley
North Wembley,South Kenton,926,927,Bakerloo line to South Kenton
South Kenton,Kenton,928,929,Bakerloo line to Kenton
Kenton,Harrow & Wealdstone,930,931,Bakerloo line to Harrow & Wealdstone
Elephant & Castle,Lambeth North,880,881,Bakerloo line to Lambeth North
Lambeth North,Waterloo,882,883,Bakerloo line to Waterloo
Waterloo,Embankment,884,885,Northern line to Embankment
Embankment,Charing Cross,885,886,Bakerloo line to Charing Cross
Charing Cross,Piccadilly Circus,886,888,Bakerloo line to Piccadilly Circus
Piccadilly Circus,Oxford Circus,888,890,Bakerloo line to Oxford Circus
Oxford Circus,Regent's Park,890,892,Bakerloo line to Regent's Park
Regent's Park,Baker Street,892,894,Bakerloo line to Baker Street
Baker Street,Marylebone,894,895,Bakerloo line to Marylebone
Marylebone,Edgware Road (Bakerloo),895,896,Bakerloo line to Edgware Road (Bakerloo Line)
Edgware Road (Bakerloo),Paddington,896,898,Bakerloo line to Paddington
Paddington,Warwick Avenue,898,900,Bakerloo line to Warwick Avenue
Warwick Avenue,Maida Vale,900,901,Bakerloo line to Maida Vale
Maida Vale,Kilburn Park,902,903,Bakerloo line to Kilburn Park
Kilburn Park,Queen's Park,904,906,Bakerloo line to Queen's Park
Elephant & Castle,Lambeth North,886,887,Bakerloo line to Lambeth North
Lambeth North,Waterloo,888,889,Bakerloo line to Waterloo
Waterloo,Embankment,890,891,Northern line to Embankment
Embankment,Charing Cross,891,892,Bakerloo line or Northern line to Charing Cross
Charing Cross,Piccadilly Circus,892,894,Bakerloo line to Piccadilly Circus
Piccadilly Circus,Oxford Circus,894,896,Bakerloo line to Oxford Circus
Oxford Circus,Regent's Park,896,898,Bakerloo line to Regent's Park
Regent's Park,Baker Street,898,900,Bakerloo line to Baker Street
Baker Street,Marylebone,900,901,Bakerloo line to Marylebone
Marylebone,Edgware Road (Bakerloo),901,902,Bakerloo line to Edgware Road (Bakerloo Line)
Edgware Road (Bakerloo),Paddington,902,904,Bakerloo line to Paddington
Paddington,Warwick Avenue,904,906,Bakerloo line to Warwick Avenue
Warwick Avenue,Maida Vale,906,907,Bakerloo line to Maida Vale
Maida Vale,Kilburn Park,908,909,Bakerloo line to Kilburn Park
Kilburn Park,Queen's Park,910,912,Bakerloo line to Queen's Park
Queen's Park,Kensal Green,917,920,Bakerloo line to Kensal Green
Kensal Green,Willesden Junction,921,923,Bakerloo line to Willesden Junction
Willesden Junction,Harlesden,924,925,Bakerloo line to Harlesden
Harlesden,Stonebridge Park,926,928,Bakerloo line to Stonebridge Park
Stonebridge Park,Wembley Central,928,930,Bakerloo line to Wembley Central
Wembley Central,North Wembley,931,932,Bakerloo line to North Wembley
North Wembley,South Kenton,933,934,Bakerloo line to South Kenton
South Kenton,Kenton,935,936,Bakerloo line to Kenton
Kenton,Harrow & Wealdstone,937,938,Bakerloo line to Harrow & Wealdstone
Elephant & Castle,Lambeth North,892,894,Bakerloo line to Lambeth North
Lambeth North,Waterloo,894,896,Bakerloo line to Waterloo
Waterloo,Embankment,896,897,Northern line or Bakerloo line to Embankment
Embankment,Charing Cross,898,898,Bakerloo line to Charing Cross
Charing Cross,Piccadilly Circus,899,900,Bakerloo line to Piccadilly Circus
Piccadilly Circus,Oxford Circus,901,902,Bakerloo line to Oxford Circus
Oxford Circus,Regent's Park,903,904,Bakerloo line to Regent's Park
Regent's Park,Baker Street,905,906,Bakerloo line to Baker Street
Baker Street,Marylebone,907,907,Bakerloo line to Marylebone
Marylebone,Edgware Road (Bakerloo),908,908,Bakerloo line to Edgware Road (Bakerloo Line)
Edgware Road (Bakerloo),Paddington,909,910,Bakerloo line to Paddington
Paddington,Warwick Avenue,911,912,Bakerloo line to Warwick Avenue
Warwick Avenue,Maida Vale,913,914,Bakerloo line to Maida Vale
Maida Vale,Kilburn Park,914,916,Bakerloo line to Kilburn Park
Kilburn Park,Queen's Park,916,918,Bakerloo line to Queen's Park
Queen's Park,Kensal Green,927,930,Bakerloo line to Kensal Green
Kensal Green,Willesden Junction,930,933,Bakerloo line to Willesden Junction
Willesden Junction,Harlesden,933,935,Bakerloo line to Harlesden
Harlesden,Stonebridge Park,935,937,Bakerloo line to Stonebridge Park
Stonebridge Park,Wembley Central,938,940,Bakerloo line to Wembley Central
Wembley Central,North Wembley,941,942,Bakerloo line to North Wembley
North Wembley,South Kenton,943,944,Bakerloo line to South Kenton
South Kenton,Kenton,945,946,Bakerloo line to Kenton
Kenton,Harrow & Wealdstone,947,948,Bakerloo line to Harrow & Wealdstone
Elephant & Castle,Lambeth North,895,897,Bakerloo line to Lambeth North
Lambeth North,Waterloo,897,899,Bakerloo line to Waterloo
Waterloo,Embankment,899,900,Northern line or Bakerloo line to Embankment
Embankment,Charing Cross,901,901,Bakerloo line to Charing Cross
Charing Cross,Piccadilly Circus,902,903,Bakerloo line to Piccadilly Circus
Piccadilly Circus,Oxford Circus,904,905,Bakerloo line to Oxford Circus
Oxford Circus,Regent's Park,906,907,Bakerloo line to Regent's Park
Regent's Park,Baker Street,908,909,Bakerloo line to Baker Street
Baker Street,Marylebone,910,910,Bakerloo line to Marylebone
Marylebone,Edgware Road (Bakerloo),911,911,Bakerloo line to Edgware Road (Bakerloo Line)
Edgware Road (Bakerloo),Paddington,912,913,Bakerloo line to Paddington
Paddington,Warwick Avenue,914,915,Bakerloo line to Warwick Avenue
Warwick Avenue,Maida Vale,916,917,Bakerloo line to Maida Vale
Maida Vale,Kilburn Park,917,919,Bakerloo line to Kilburn Park
Kilburn Park,Queen's Park,919,921,Bakerloo line to Queen's Park

Cockfosters,Oakwood,841,843,Piccadilly line to Oakwood
Oakwood,Southgate,844,846,Piccadilly line to Southgate
Southgate,Arnos Grove,846,850,Piccadilly line to Arnos Grove
Arnos Grove,Bounds Green,852,853,Piccadilly line to Bounds Green
Bounds Green,Wood Green,854,856,Piccadilly line to Wood Green
Wood Green,Turnpike Lane,856,858,Piccadilly line to Turnpike Lane
Turnpike Lane,Manor House,858,861,Piccadilly line to Manor House
Manor House,Finsbury Park,861,863,Piccadilly line to Finsbury Park
Finsbury Park,Arsenal,864,865,Piccadilly line to Arsenal
Arsenal,Holloway Road,865,866,Piccadilly line to Holloway Road
Holloway Road,Caledonian Road,867,868,Piccadilly line to Caledonian Road
Caledonian Road,King's Cross St. Pancras,868,871,Piccadilly line to King's Cross St.Pancras
King's Cross St. Pancras,Russell Square,872,873,Piccadilly line to Russell Square
Russell Square,Holborn,874,875,Piccadilly line to Holborn
Holborn,Covent Garden,875,877,Piccadilly line to Covent Garden
Covent Garden,Leicester Square,877,878,Piccadilly line to Leicester Square
Leicester Square,Piccadilly Circus,878,879,Piccadilly line to Piccadilly Circus
Piccadilly Circus,Green Park,880,880,Piccadilly line to Green Park
Green Park,Hyde Park Corner,881,883,Piccadilly line to Hyde Park Corner
Hyde Park Corner,Knightsbridge,883,884,Piccadilly line to Knightsbridge
Knightsbridge,South Kensington,885,887,Piccadilly line to South Kensington
South Kensington,Gloucester Road,887,889,Piccadilly line or Circle line or District line to Gloucester Road
Gloucester Road,Earl's Court,889,891,Piccadilly line or District line to Earl's Court
Earl's Court,Barons Court,891,894,Piccadilly line to Barons Court
Barons Court,Hammersmith (Dist&Picc Line),894,895,Piccadilly line or District line to Hammersmith (Dist&Picc Line)
Hammersmith (Dist&Picc Line),Turnham Green,897,901,District line to Turnham Green
Turnham Green,Acton Town,907,911,District line to Acton Town
Acton Town,Ealing Common,911,913,District line or Piccadilly line to Ealing Common
Ealing Common,North Ealing,921,922,Piccadilly line to North Ealing
North Ealing,Park Royal,923,924,Piccadilly line to Park Royal
Park Royal,Alperton,925,927,Piccadilly line to Alperton
Alperton,Sudbury Town,927,929,Piccadilly line to Sudbury Town
Sudbury Town,Sudbury Hill,930,932,Piccadilly line to Sudbury Hill
Sudbury Hill,South Harrow,932,934,Piccadilly line to South Harrow
South Harrow,Rayners Lane,935,938,Piccadilly line to Rayners Lane
Rayners Lane,Eastcote,938,940,Piccadilly line or Metropolitan line to Eastcote
Eastcote,Ruislip Manor,940,942,Piccadilly line or Metropolitan line to Ruislip Manor
Ruislip Manor,Ruislip,942,943,Piccadilly line or Metropolitan line to Ruislip
Ruislip,Ickenham,944,946,Piccadilly line or Metropolitan line to Ickenham
Ickenham,Hillingdon,946,948,Piccadilly line or Metropolitan line to Hillingdon
Hillingdon,Uxbridge,948,952,Piccadilly line or Metropolitan line to Uxbridge
Acton Town,South Ealing,911,914,Piccadilly line to South Ealing
South Ealing,Northfields,914,915,Piccadilly line to Northfields
Northfields,Boston Manor,916,917,Piccadilly line to Boston Manor
Boston Manor,Osterley,918,920,Piccadilly line to Osterley
Osterley,Hounslow East,921,922,Piccadilly line to Hounslow East
Hounslow East,Hounslow Central,923,924,Piccadilly line to Hounslow Central
Hounslow Central,Hounslow West,924,926,Piccadilly line to Hounslow West
Hounslow West,Hatton Cross,927,930,Piccadilly line to Hatton Cross
Hatton Cross,Heathrow Terminals 2 & 3,931,935,Piccadilly line to Heathrow Terminals 2 & 3
Heathrow Terminals 2 & 3,Heathrow Terminal 5,936,939,Piccadilly line to Heathrow Terminal 5
Cockfosters,Oakwood,850,852,Piccadilly line to Oakwood
Oakwood,Southgate,852,854,Piccadilly line to Southgate
Southgate,Arnos Grove,855,859,Piccadilly line to Arnos Grove
Arnos Grove,Bounds Green,860,861,Piccadilly line to Bounds Green
Bounds Green,Wood Green,862,864,Piccadilly line to Wood Green
Wood Green,Turnpike Lane,864,866,Piccadilly line to Turnpike Lane
Turnpike Lane,Manor House,866,869,Piccadilly line to Manor House
Manor House,Finsbury Park,869,871,Piccadilly line to Finsbury Park
Finsbury Park,Arsenal,872,873,Piccadilly line to Arsenal
Arsenal,Holloway Road,873,874,Piccadilly line to Holloway Road
Holloway Road,Caledonian Road,875,876,Piccadilly line to Caledonian Road
Caledonian Road,King's Cross St. Pancras,876,879,Piccadilly line to King's Cross St.Pancras
King's Cross St. Pancras,Russell Square,880,881,Piccadilly line to Russell Square
Russell Square,Holborn,882,883,Piccadilly line to Holborn
Holborn,Covent Garden,883,885,Piccadilly line to Covent Garden
Covent Garden,Leicester Square,885,886,Piccadilly line to Leicester Square
Leicester Square,Piccadilly Circus,886,887,Piccadilly line to Piccadilly Circus
Piccadilly Circus,Green Park,888,888,Piccadilly line to Green Park
Green Park,Hyde Park Corner,889,891,Piccadilly line to Hyde Park Corner
Hyde Park Corner,Knightsbridge,891,892,Piccadilly line to Knightsbridge
Knightsbridge,South Kensington,893,895,Piccadilly line to South Kensington
South Kensington,Gloucester Road,895,897,Piccadilly line or District line or Circle line to Gloucester Road
Gloucester Road,Earl's Court,897,899,Piccadilly line or District line to Earl's Court
Earl's Court,Barons Court,899,902,Piccadilly line to Barons Court
Barons Court,Hammersmith (Dist&Picc Line),902,903,Piccadilly line or District line to Hammersmith (Dist&Picc Line)
Hammersmith (Dist&Picc Line),Turnham Green,907,911,District line to Turnham Green
Turnham Green,Acton Town,917,921,District line to Acton Town
Acton Town,Ealing Common,921,923,District line or Piccadilly line to Ealing Common
Ealing Common,North Ealing,931,932,Piccadilly line to North Ealing
North Ealing,Park Royal,933,934,Piccadilly line to Park Royal
Park Royal,Alperton,935,937,Piccadilly line to Alperton
Alperton,Sudbury Town,937,939,Piccadilly line to Sudbury Town
Sudbury Town,Sudbury Hill,940,942,Piccadilly line to Sudbury Hill
Sudbury Hill,South Harrow,942,944,Piccadilly line to South Harrow
South Harrow,Rayners Lane,947,950,Piccadilly line to Rayners Lane
Rayners Lane,Eastcote,956,957,Metropolitan line to Eastcote
Eastcote,Ruislip Manor,958,959,Metropolitan line to Ruislip Manor
Ruislip Manor,Ruislip,960,961,Metropolitan line or Piccadilly line to Ruislip
Ruislip,Ickenham,961,963,Metropolitan line or Piccadilly line to Ickenham
Ickenham,Hillingdon,964,965,Metropolitan line to Hillingdon
Hillingdon,Uxbridge,966,969,Metropolitan line to Uxbridge
Acton Town,South Ealing,921,923,Piccadilly line to South Ealing
South Ealing,Northfields,924,925,Piccadilly line to Northfields
Northfields,Boston Manor,926,927,Piccadilly line to Boston Manor
Boston Manor,Osterley,928,930,Piccadilly line to Osterley
Osterley,Hounslow East,931,932,Piccadilly line to Hounslow East
Hounslow East,Hounslow Central,933,934,Piccadilly line to Hounslow Central
Hounslow Central,Hounslow West,934,936,Piccadilly line to Hounslow West
Hounslow West,Hatton Cross,937,940,Piccadilly line to Hatton Cross
Hatton Cross,Heathrow Terminals 2 & 3,941,945,Piccadilly line to Heathrow Terminals 2 & 3
Heathrow Terminals 2 & 3,Heathrow Terminal 5,946,949,Piccadilly line to Heathrow Terminal 5
Cockfosters,Oakwood,856,858,Piccadilly line to Oakwood
Oakwood,Southgate,858,860,Piccadilly line to Southgate
Southgate,Arnos Grove,861,865,Piccadilly line to Arnos Grove
Arnos Grove,Bounds Green,866,867,Piccadilly line to Bounds Green
Bounds Green,Wood Green,868,870,Piccadilly line to Wood Green
Wood Green,Turnpike Lane,870,872,Piccadilly line to Turnpike Lane
Turnpike Lane,Manor House,872,875,Piccadilly line to Manor House
Manor House,Finsbury Park,875,877,Piccadilly line to Finsbury Park
Finsbury Park,Arsenal,878,879,Piccadilly line to Arsenal
Arsenal,Holloway Road,879,880,Piccadilly line to Holloway Road
Holloway Road,Caledonian Road,881,882,Piccadilly line to Caledonian Road
Caledonian Road,King's Cross St. Pancras,882,885,Piccadilly line to King's Cross St.Pancras
King's Cross St. Pancras,Russell Square,886,887,Piccadilly line to Russell Square
Russell Square,Holborn,888,889,Piccadilly line to Holborn
Holborn,Covent Garden,889,891,Piccadilly line to Covent Garden
Covent Garden,Leicester Square,891,892,Piccadilly line to Leicester Square
Leicester Square,Piccadilly Circus,892,893,Piccadilly line to Piccadilly Circus
Piccadilly Circus,Green Park,894,894,Piccadilly line to Green Park
Green Park,Hyde Park Corner,895,897,Piccadilly line to Hyde Park Corner
Hyde Park Corner,Knightsbridge,897,898,Piccadilly line to Knightsbridge
Knightsbridge,South Kensington,899,901,Piccadilly line to South Kensington
South Kensington,Gloucester Road,901,903,Piccadilly line or District line or Circle line to Gloucester Road
Gloucester Road,Earl's Court,903,905,District line or Piccadilly line to Earl's Court
Earl's Court,Barons Court,905,908,Piccadilly line to Barons Court
Barons Court,Hammersmith (Dist&Picc Line),908,909,Piccadilly line or District line to Hammersmith (Dist&Picc Line)
Hammersmith (Dist&Picc Line),Turnham Green,912,916,District line to Turnham Green
Cockfosters,Oakwood,861,863,Piccadilly line to Oakwood
Oakwood,Southgate,864,866,Piccadilly line to Southgate
Southgate,Arnos Grove,866,870,Piccadilly line to Arnos Grove
Arnos Grove,Bounds Green,872,873,Piccadilly line to Bounds Green
Bounds Green,Wood Green,874,876,Piccadilly line to Wood Green
Wood Green,Turnpike Lane,876,878,Piccadilly line to Turnpike Lane
Turnpike Lane,Manor House,878,881,Piccadilly line to Manor House
Manor House,Finsbury Park,881,883,Piccadilly line to Finsbury Park
Finsbury Park,Arsenal,884,885,Piccadilly line to Arsenal
Arsenal,Holloway Road,885,886,Piccadilly line to Holloway Road
Holloway Road,Caledonian Road,887,888,Piccadilly line to Caledonian Road
Caledonian Road,King's Cross St. Pancras,888,891,Piccadilly line to King's Cross St.Pancras
King's Cross St. Pancras,Russell Square,892,893,Piccadilly line to Russell Square
Russell Square,Holborn,894,895,Piccadilly line to Holborn
Holborn,Covent Garden,895,897,Piccadilly line to Covent Garden
Covent Garden,Leicester Square,897,898,Piccadilly line to Leicester Square
Leicester Square,Piccadilly Circus,898,899,Piccadilly line to Piccadilly Circus
Piccadilly Circus,Green Park,900,900,Piccadilly line to Green Park
Green Park,Hyde Park Corner,901,903,Piccadilly line to Hyde Park Corner
Hyde Park Corner,Knightsbridge,903,904,Piccadilly line to Knightsbridge
Knightsbridge,South Kensington,905,907,Piccadilly line to South Kensington
South Kensington,Gloucester Road,907,909,Piccadilly line or Circle line or District line to Gloucester Road
Gloucester Road,Earl's Court,909,911,Piccadilly line or District line to Earl's Court
Earl's Court,Barons Court,911,914,Piccadilly line to Barons Court
Barons Court,Hammersmith (Dist&Picc Line),914,915,Piccadilly line or District line to Hammersmith (Dist&Picc Line)
Hammersmith (Dist&Picc Line),Turnham Green,918,922,District line to Turnham Green
Turnham Green,Acton Town,927,931,District line to Acton Town
Acton Town,Ealing Common,931,933,District line or Piccadilly line to Ealing Common
Ealing Common,North Ealing,941,942,Piccadilly line to North Ealing
North Ealing,Park Royal,943,944,Piccadilly line to Park Royal
Park Royal,Alperton,945,947,Piccadilly line to Alperton
Alperton,Sudbury Town,947,949,Piccadilly line to Sudbury Town
Sudbury Town,Sudbury Hill,950,952,Piccadilly line to Sudbury Hill
Sudbury Hill,South Harrow,952,954,Piccadilly line to South Harrow
South Harrow,Rayners Lane,955,958,Piccadilly line to Rayners Lane
Rayners Lane,Eastcote,959,961,Piccadilly line or Metropolitan line to Eastcote
Eastcote,Ruislip Manor,961,963,Piccadilly line or Metropolitan line to Ruislip Manor
Ruislip Manor,Ruislip,963,964,Piccadilly line or Metropolitan line to Ruislip
Ruislip,Ickenham,965,967,Piccadilly line or Metropolitan line to Ickenham
Ickenham,Hillingdon,967,969,Piccadilly line or Metropolitan line to Hillingdon
Hillingdon,Uxbridge,969,973,Piccadilly line to Uxbridge
Acton Town,South Ealing,931,934,Piccadilly line to South Ealing
South Ealing,Northfields,934,935,Piccadilly line to Northfields
Northfields,Boston Manor,936,937,Piccadilly line to Boston Manor
Boston Manor,Osterley,938,940,Piccadilly line to Osterley
Osterley,Hounslow East,941,942,Piccadilly line to Hounslow East
Hounslow East,Hounslow Central,943,944,Piccadilly line to Hounslow Central
Hounslow Central,Hounslow West,944,946,Piccadilly line to Hounslow West
Hounslow West,Hatton Cross,947,950,Piccadilly line to Hatton Cross
Hatton Cross,Heathrow Terminals 2 & 3,951,955,Piccadilly line to Heathrow Terminals 2 & 3
Heathrow Terminals 2 & 3,Heathrow Terminal 5,956,959,Piccadilly line to Heathrow Terminal 5
Cockfosters,Oakwood,866,868,Piccadilly line to Oakwood
Oakwood,Southgate,869,871,Piccadilly line to Southgate
Southgate,Arnos Grove,871,875,Piccadilly line to Arnos Grove
Arnos Grove,Bounds Green,877,878,Piccadilly line to Bounds Green
Bounds Green,Wood Green,879,881,Piccadilly line to Wood Green
Wood Green,Turnpike Lane,881,883,Piccadilly line to Turnpike Lane
Turnpike Lane,Manor House,883,886,Piccadilly line to Manor House
Manor House,Finsbury Park,886,888,Piccadilly line to Finsbury Park
Finsbury Park,Arsenal,889,890,Piccadilly line to Arsenal
Arsenal,Holloway Road,890,891,Piccadilly line to Holloway Road
Holloway Road,Caledonian Road,892,893,Piccadilly line to Caledonian Road
Caledonian Road,King's Cross St. Pancras,893,896,Piccadilly line to King's Cross St.Pancras
King's Cross St. Pancras,Russell Square,897,898,Piccadilly line to Russell Square
Russell Square,Holborn,899,900,Piccadilly line to Holborn
Holborn,Covent Garden,900,902,Piccadilly line to Covent Garden
Covent Garden,Leicester Square,902,903,Piccadilly line to Leicester Square
Leicester Square,Piccadilly Circus,903,904,Piccadilly line to Piccadilly Circus
Piccadilly Circus,Green Park,905,905,Piccadilly line to Green Park
Green Park,Hyde Park Corner,906,908,Piccadilly line to Hyde Park Corner
Hyde Park Corner,Knightsbridge,908,909,Piccadilly line to Knightsbridge
Knightsbridge,South Kensington,910,912,Piccadilly line to South Kensington
South Kensington,Gloucester Road,912,914,Piccadilly line or District line or Circle line to Gloucester Road
Gloucester Road,Earl's Court,914,916,Piccadilly line or District line to Earl's Court
Earl's Court,Barons Court,916,918,Piccadilly line to Barons Court
Barons Court,Hammersmith (Dist&Picc Line),919,920,Piccadilly line or District line to Hammersmith (Dist&Picc Line)
Hammersmith (Dist&Picc Line),Turnham Green,922,926,District line to Turnham Green
King's Cross St. Pancras,Russell Square,894,896,Piccadilly line to Russell Square
Russell Square,Holborn,896,897,Piccadilly line to Holborn
Holborn,Covent Garden,898,899,Piccadilly line to Covent Garden
Covent Garden,Leicester Square,900,900,Piccadilly line to Leicester Square
Leicester Square,Piccadilly Circus,901,902,Piccadilly line to Piccadilly Circus
Piccadilly Circus,Green Park,902,903,Piccadilly line to Green Park
Green Park,Hyde Park Corner,904,905,Piccadilly line to Hyde Park Corner
Hyde Park Corner,Knightsbridge,906,907,Piccadilly line to Knightsbridge
Knightsbridge,South Kensington,907,909,Piccadilly line to South Kensington
South Kensington,Gloucester Road,909,910,Circle line or Piccadilly line or District line to Gloucester Road
Gloucester Road,Earl's Court,912,913,Piccadilly line to Earl's Court
Earl's Court,Barons Court,914,916,Piccadilly line to Barons Court
Barons Court,Hammersmith (Dist&Picc Line),916,917,District line or Piccadilly line to Hammersmith (Dist&Picc Line)
Cockfosters,Oakwood,870,872,Piccadilly line to Oakwood
Oakwood,Southgate,872,874,Piccadilly line to Southgate
Southgate,Arnos Grove,875,879,Piccadilly line to Arnos Grove
Arnos Grove,Bounds Green,880,881,Piccadilly line to Bounds Green
Bounds Green,Wood Green,882,884,Piccadilly line to Wood Green
Wood Green,Turnpike Lane,884,886,Piccadilly line to Turnpike Lane
Turnpike Lane,Manor House,886,889,Piccadilly line to Manor House
Manor House,Finsbury Park,889,891,Piccadilly line to Finsbury Park
Finsbury Park,Arsenal,892,893,Piccadilly line to Arsenal
Arsenal,Holloway Road,893,894,Piccadilly line to Holloway Road
Holloway Road,Caledonian Road,895,896,Piccadilly line to Caledonian Road
Caledonian Road,King's Cross St. Pancras,896,899,Piccadilly line to King's Cross St.Pancras
King's Cross St. Pancras,Russell Square,900,901,Piccadilly line to Russell Square
Russell Square,Holborn,902,903,Piccadilly line to Holborn
Holborn,Covent Garden,903,905,Piccadilly line to Covent Garden
Covent Garden,Leicester Square,905,906,Piccadilly line to Leicester Square
Leicester Square,Piccadilly Circus,906,907,Piccadilly line to Piccadilly Circus
Piccadilly Circus,Green Park,908,908,Piccadilly line to Green Park
Green Park,Hyde Park Corner,909,911,Piccadilly line to Hyde Park Corner
Hyde Park Corner,Knightsbridge,911,912,Piccadilly line to Knightsbridge
Knightsbridge,South Kensington,913,915,Piccadilly line to South Kensington
South Kensington,Gloucester Road,915,917,Piccadilly line or District line or Circle line to Gloucester Road
Gloucester Road,Earl's Court,917,919,Piccadilly line or District line to Earl's Court
Earl's Court,Barons Court,919,921,Piccadilly line to Barons Court
Barons Court,Hammersmith (Dist&Picc Line),922,923,Piccadilly line or District line to Hammersmith (Dist&Picc Line)
Hammersmith (Dist&Picc Line),Turnham Green,927,932,District line to Turnham Green
Turnham Green,Acton Town,937,941,District line to Acton Town
Acton Town,Ealing Common,941,943,District line or Piccadilly line to Ealing Common
Ealing Common,North Ealing,951,953,Piccadilly line to North Ealing
North Ealing,Park Royal,953,955,Piccadilly line to Park Royal
Park Royal,Alperton,955,957,Piccadilly line to Alperton
Alperton,Sudbury Town,958,960,Piccadilly line to Sudbury Town
Sudbury Town,Sudbury Hill,960,962,Piccadilly line to Sudbury Hill
Sudbury Hill,South Harrow,963,965,Piccadilly line to South Harrow
South Harrow,Rayners Lane,965,968,Piccadilly line to Rayners Lane
Rayners Lane,Eastcote,973,975,Metropolitan line or Piccadilly line to Eastcote
Eastcote,Ruislip Manor,975,977,Metropolitan line or Piccadilly line to Ruislip Manor
Ruislip Manor,Ruislip,977,978,Metropolitan line or Piccadilly line to Ruislip
Ruislip,Ickenham,979,981,Metropolitan line or Piccadilly line to Ickenham
Ickenham,Hillingdon,981,983,Metropolitan line or Piccadilly line to Hillingdon
Hillingdon,Uxbridge,983,988,Metropolitan line or Piccadilly line to Uxbridge
Acton Town,South Ealing,941,943,Piccadilly line to South Ealing
South Ealing,Northfields,944,945,Piccadilly line to Northfields
Northfields,Boston Manor,946,947,Piccadilly line to Boston Manor
Boston Manor,Osterley,948,950,Piccadilly line to Osterley
Osterley,Hounslow East,951,952,Piccadilly line to Hounslow East
Hounslow East,Hounslow Central,953,954,Piccadilly line to Hounslow Central
Hounslow Central,Hounslow West,954,956,Piccadilly line to Hounslow West
Hounslow West,Hatton Cross,957,960,Piccadilly line to Hatton Cross
Hatton Cross,Heathrow Terminals 2 & 3,961,965,Piccadilly line to Heathrow Terminals 2 & 3
Heathrow Terminals 2 & 3,Heathrow Terminal 5,966,969,Piccadilly line to Heathrow Terminal 5
Cockfosters,Oakwood,876,878,Piccadilly line to Oakwood
Oakwood,Southgate,878,880,Piccadilly line to Southgate
Southgate,Arnos Grove,881,885,Piccadilly line to Arnos Grove
Arnos Grove,Bounds Green,886,887,Piccadilly line to Bounds Green
Bounds Green,Wood Green,888,890,Piccadilly line to Wood Green
Wood Green,Turnpike Lane,890,892,Piccadilly line to Turnpike Lane
Turnpike Lane,Manor House,892,895,Piccadilly line to Manor House
Manor House,Finsbury Park,895,897,Piccadilly line to Finsbury Park
Finsbury Park,Arsenal,898,899,Piccadilly line to Arsenal
Arsenal,Holloway Road,899,900,Piccadilly line to Holloway Road
Holloway Road,Caledonian Road,901,902,Piccadilly line to Caledonian Road
Caledonian Road,King's Cross St. Pancras,902,905,Piccadilly line to King's Cross St.Pancras
King's Cross St. Pancras,Russell Square,906,907,Piccadilly line to Russell Square
Russell Square,Holborn,908,909,Piccadilly line to Holborn
Holborn,Covent Garden,909,911,Piccadilly line to Covent Garden
Covent Garden,Leicester Square,911,912,Piccadilly line to Leicester Square
Leicester Square,Piccadilly Circus,912,913,Piccadilly line to Piccadilly Circus
Piccadilly Circus,Green Park,914,914,Piccadilly line to Green Park
Green Park,Hyde Park Corner,915,917,Piccadilly line to Hyde Park Corner
Hyde Park Corner,Knightsbridge,917,918,Piccadilly line to Knightsbridge
Knightsbridge,South Kensington,919,921,Piccadilly line to South Kensington
South Kensington,Gloucester Road,921,923,Piccadilly line or District line or Circle line to Gloucester Road
Gloucester Road,Earl's Court,923,925,District line or Piccadilly line to Earl's Court
Earl's Court,Barons Court,925,927,Piccadilly line to Barons Court
Barons Court,Hammersmith (Dist&Picc Line),928,930,Piccadilly line or District line to Hammersmith (Dist&Picc Line)
Hammersmith (Dist&Picc Line),Turnham Green,932,936,District line to Turnham Green
Cockfosters,Oakwood,881,883,Piccadilly line to Oakwood
Oakwood,Southgate,884,886,Piccadilly line to Southgate
Southgate,Arnos Grove,886,890,Piccadilly line to Arnos Grove
Arnos Grove,Bounds Green,892,893,Piccadilly line to Bounds Green
Bounds Green,Wood Green,894,896,Piccadilly line to Wood Green
Wood Green,Turnpike Lane,896,898,Piccadilly line to Turnpike Lane
Turnpike Lane,Manor House,898,901,Piccadilly line to Manor House
Manor House,Finsbury Park,901,903,Piccadilly line to Finsbury Park
Finsbury Park,Arsenal,904,905,Piccadilly line to Arsenal
Arsenal,Holloway Road,905,906,Piccadilly line to Holloway Road
Holloway Road,Caledonian Road,907,908,Piccadilly line to Caledonian Road
Caledonian Road,King's Cross St. Pancras,908,911,Piccadilly line to King's Cross St.Pancras
King's Cross St. Pancras,Russell Square,912,913,Piccadilly line to Russell Square
Russell Square,Holborn,914,915,Piccadilly line to Holborn
Holborn,Covent Garden,915,917,Piccadilly line to Covent Garden
Covent Garden,Leicester Square,917,918,Piccadilly line to Leicester Square
Leicester Square,Piccadilly Circus,918,919,Piccadilly line to Piccadilly Circus
Piccadilly Circus,Green Park,920,920,Piccadilly line to Green Park
Green Park,Hyde Park Corner,921,923,Piccadilly line to Hyde Park Corner
Hyde Park Corner,Knightsbridge,923,924,Piccadilly line to Knightsbridge
Knightsbridge,South Kensington,925,927,Piccadilly line to South Kensington
South Kensington,Gloucester Road,927,929,Piccadilly line or Circle line or District line to Gloucester Road
Gloucester Road,Earl's Court,929,931,Piccadilly line or District line to Earl's Court
Earl's Court,Barons Court,931,933,Piccadilly line to Barons Court
Barons Court,Hammersmith (Dist&Picc Line),935,936,District line or Piccadilly line to Hammersmith (Dist&Picc Line)
Hammersmith (Dist&Picc Line),Turnham Green,937,941,District line to Turnham Green
Turnham Green,Acton Town,947,951,District line to Acton Town
Acton Town,Ealing Common,951,953,District line or Piccadilly line to Ealing Common
Ealing Common,North Ealing,961,963,Piccadilly line to North Ealing
North Ealing,Park Royal,963,965,Piccadilly line to Park Royal
Park Royal,Alperton,965,967,Piccadilly line to Alperton
Alperton,Sudbury Town,968,970,Piccadilly line to Sudbury Town
Sudbury Town,Sudbury Hill,970,972,Piccadilly line to Sudbury Hill
Sudbury Hill,South Harrow,973,975,Piccadilly line to South Harrow
South Harrow,Rayners Lane,975,978,Piccadilly line to Rayners Lane
Rayners Lane,Eastcote,979,980,Piccadilly line to Eastcote
Eastcote,Ruislip Manor,981,982,Piccadilly line to Ruislip Manor
Ruislip Manor,Ruislip,983,984,Piccadilly line or Metropolitan line to Ruislip
Ruislip,Ickenham,984,986,Piccadilly line or Metropolitan line to Ickenham
Ickenham,Hillingdon,987,988,Piccadilly line to Hillingdon
Hillingdon,Uxbridge,989,992,Piccadilly line to Uxbridge
Acton Town,South Ealing,952,954,Piccadilly line to South Ealing
South Ealing,Northfields,955,956,Piccadilly line to Northfields
Northfields,Boston Manor,956,958,Piccadilly line to Boston Manor
Boston Manor,Osterley,958,961,Piccadilly line to Osterley
Osterley,Hounslow East,961,963,Piccadilly line to Hounslow East
Hounslow East,Hounslow Central,963,964,Piccadilly line to Hounslow Central
Hounslow Central,Hounslow West,965,966,Piccadilly line to Hounslow West
Hounslow West,Hatton Cross,967,971,Piccadilly line to Hatton Cross
Hatton Cross,Heathrow Terminals 2 & 3,972,975,Piccadilly line to Heathrow Terminals 2 & 3
Heathrow Terminals 2 & 3,Heathrow Terminal 5,976,979,Piccadilly line to Heathrow Terminal 5
Cockfosters,Oakwood,886,888,Piccadilly line to Oakwood
Oakwood,Southgate,889,891,Piccadilly line to Southgate
Southgate,Arnos Grove,891,895,Piccadilly line to Arnos Grove
Arnos Grove,Bounds Green,897,898,Piccadilly line to Bounds Green
Bounds Green,Wood Green,899,901,Piccadilly line to Wood Green
Wood Green,Turnpike Lane,901,903,Piccadilly line to Turnpike Lane
Turnpike Lane,Manor House,903,906,Piccadilly line to Manor House
Manor House,Finsbury Park,906,908,Piccadilly line to Finsbury Park
Finsbury Park,Arsenal,909,910,Piccadilly line to Arsenal
Arsenal,Holloway Road,910,911,Piccadilly line to Holloway Road
Holloway Road,Caledonian Road,912,913,Piccadilly line to Caledonian Road
Caledonian Road,King's Cross St. Pancras,913,916,Piccadilly line to King's Cross St.Pancras
King's Cross St. Pancras,Russell Square,917,918,Piccadilly line to Russell Square
Russell Square,Holborn,919,920,Piccadilly line to Holborn
Holborn,Covent Garden,920,922,Piccadilly line to Covent Garden
Covent Garden,Leicester Square,922,923,Piccadilly line to Leicester Square
Leicester Square,Piccadilly Circus,923,924,Piccadilly line to Piccadilly Circus
Piccadilly Circus,Green Park,925,925,Piccadilly line to Green Park
Green Park,Hyde Park Corner,926,928,Piccadilly line to Hyde Park Corner
Hyde Park Corner,Knightsbridge,928,929,Piccadilly line to Knightsbridge
Knightsbridge,South Kensington,930,932,Piccadilly line to South Kensington
South Kensington,Gloucester Road,932,934,Piccadilly line or District line or Circle line to Gloucester Road
Gloucester Road,Earl's Court,934,936,Piccadilly line or District line to Earl's Court
Earl's Court,Barons Court,936,938,Piccadilly line to Barons Court
Barons Court,Hammersmith (Dist&Picc Line),940,941,District line to Hammersmith (Dist&Picc Line)
Hammersmith (Dist&Picc Line),Turnham Green,942,946,District line to Turnham Green
Cockfosters,Oakwood,890,892,Piccadilly line to Oakwood
Oakwood,Southgate,892,894,Piccadilly line to Southgate
Southgate,Arnos Grove,895,899,Piccadilly line to Arnos Grove
Arnos Grove,Bounds Green,900,901,Piccadilly line to Bounds Green
Bounds Green,Wood Green,902,904,Piccadilly line to Wood Green
Wood Green,Turnpike Lane,904,906,Piccadilly line to Turnpike Lane
Turnpike Lane,Manor House,906,909,Piccadilly line to Manor House
Manor House,Finsbury Park,909,911,Piccadilly line to Finsbury Park
Finsbury Park,Arsenal,912,913,Piccadilly line to Arsenal
Arsenal,Holloway Road,913,914,Piccadilly line to Holloway Road
Holloway Road,Caledonian Road,915,916,Piccadilly line to Caledonian Road
Caledonian Road,King's Cross St. Pancras,916,919,Piccadilly line to King's Cross St.Pancras
King's Cross St. Pancras,Russell Square,920,921,Piccadilly line to Russell Square
Russell Square,Holborn,922,923,Piccadilly line to Holborn
Holborn,Covent Garden,923,925,Piccadilly line to Covent Garden
Covent Garden,Leicester Square,925,926,Piccadilly line to Leicester Square
Leicester Square,Piccadilly Circus,926,927,Piccadilly line to Piccadilly Circus
Piccadilly Circus,Green Park,928,928,Piccadilly line to Green Park
Green Park,Hyde Park Corner,929,931,Piccadilly line to Hyde Park Corner
Hyde Park Corner,Knightsbridge,931,932,Piccadilly line to Knightsbridge
Knightsbridge,South Kensington,933,935,Piccadilly line to South Kensington
South Kensington,Gloucester Road,935,937,Piccadilly line or District line or Circle line to Gloucester Road
Gloucester Road,Earl's Court,937,939,Piccadilly line or District line to Earl's Court
Earl's Court,Barons Court,939,941,Piccadilly line to Barons Court
Barons Court,Hammersmith (Dist&Picc Line),942,944,Piccadilly line or District line to Hammersmith (Dist&Picc Line)
Hammersmith (Dist&Picc Line),Turnham Green,947,951,District line to Turnham Green
Turnham Green,Acton Town,957,961,District line to Acton Town
Acton Town,Ealing Common,961,963,District line or Piccadilly line to Ealing Common
Ealing Common,North Ealing,971,973,Piccadilly line to North Ealing
North Ealing,Park Royal,973,975,Piccadilly line to Park Royal
Park Royal,Alperton,975,977,Piccadilly line to Alperton
Alperton,Sudbury Town,978,980,Piccadilly line to Sudbury Town
Sudbury Town,Sudbury Hill,980,982,Piccadilly line to Sudbury Hill
Sudbury Hill,South Harrow,983,985,Piccadilly line to South Harrow
South Harrow,Rayners Lane,985,988,Piccadilly line to Rayners Lane
Rayners Lane,Eastcote,993,995,Metropolitan line or Piccadilly line to Eastcote
Eastcote,Ruislip Manor,995,997,Metropolitan line or Piccadilly line to Ruislip Manor
Ruislip Manor,Ruislip,997,998,Metropolitan line or Piccadilly line to Ruislip
Ruislip,Ickenham,999,1001,Metropolitan line or Piccadilly line to Ickenham
Ickenham,Hillingdon,1001,1003,Metropolitan line or Piccadilly line to Hillingdon
Hillingdon,Uxbridge,1003,1008,Metropolitan line or Piccadilly line to Uxbridge
Acton Town,South Ealing,961,964,Piccadilly line to South Ealing
South Ealing,Northfields,964,965,Piccadilly line to Northfields
Northfields,Boston Manor,966,968,Piccadilly line to Boston Manor
Boston Manor,Osterley,968,971,Piccadilly line to Osterley
Osterley,Hounslow East,971,973,Piccadilly line to Hounslow East
Hounslow East,Hounslow Central,973,974,Piccadilly line to Hounslow Central
Hounslow Central,Hounslow West,975,976,Piccadilly line to Hounslow West
Hounslow West,Hatton Cross,977,981,Piccadilly line to Hatton Cross
Hatton Cross,Heathrow Terminals 2 & 3,982,985,Piccadilly line to Heathrow Terminals 2 & 3
Heathrow Terminals 2 & 3,Heathrow Terminal 5,986,989,Piccadilly line to Heathrow Terminal 5
Cockfosters,Oakwood,896,898,Piccadilly line to Oakwood
Oakwood,Southgate,898,900,Piccadilly line to Southgate
Southgate,Arnos Grove,901,905,Piccadilly line to Arnos Grove
Arnos Grove,Bounds Green,906,907,Piccadilly line to Bounds Green
Bounds Green,Wood Green,908,910,Piccadilly line to Wood Green
Wood Green,Turnpike Lane,910,912,Piccadilly line to Turnpike Lane
Turnpike Lane,Manor House,912,915,Piccadilly line to Manor House
Manor House,Finsbury Park,915,917,Piccadilly line to Finsbury Park
Finsbury Park,Arsenal,918,919,Piccadilly line to Arsenal
Arsenal,Holloway Road,919,920,Piccadilly line to Holloway Road
Holloway Road,Caledonian Road,921,922,Piccadilly line to Caledonian Road
Caledonian Road,King's Cross St. Pancras,922,925,Piccadilly line to King's Cross St.Pancras
King's Cross St. Pancras,Russell Square,926,927,Piccadilly line to Russell Square
Russell Square,Holborn,928,929,Piccadilly line to Holborn
Holborn,Covent Garden,929,931,Piccadilly line to Covent Garden
Covent Garden,Leicester Square,931,932,Piccadilly line to Leicester Square
Leicester Square,Piccadilly Circus,932,933,Piccadilly line to Piccadilly Circus
Piccadilly Circus,Green Park,934,934,Piccadilly line to Green Park
Green Park,Hyde Park Corner,935,937,Piccadilly line to Hyde Park Corner
Hyde Park Corner,Knightsbridge,937,938,Piccadilly line to Knightsbridge
Knightsbridge,South Kensington,939,941,Piccadilly line to South Kensington
South Kensington,Gloucester Road,941,943,Piccadilly line or District line or Circle line to Gloucester Road
Gloucester Road,Earl's Court,943,945,District line or Piccadilly line to Earl's Court
Earl's Court,Barons Court,945,947,Piccadilly line to Barons Court
Barons Court,Hammersmith (Dist&Picc Line),948,950,Piccadilly line or District line to Hammersmith (Dist&Picc Line)
Hammersmith (Dist&Picc Line),Turnham Green,952,956,District line to Turnham Green

Heathrow Terminal 5,Heathrow Terminals 2 & 3,844,847,Piccadilly line to Heathrow Terminals 2 & 3
Heathrow Terminals 2 & 3,Hatton Cross,848,850,Piccadilly line to Hatton Cross
Hatton Cross,Hounslow West,851,854,Piccadilly line to Hounslow West
Hounslow West,Hounslow Central,854,856,Piccadilly line to Hounslow Central
Hounslow Central,Hounslow East,857,858,Piccadilly line to Hounslow East
Hounslow East,Osterley,858,860,Piccadilly line to Osterley
Osterley,Boston Manor,860,863,Piccadilly line to Boston Manor
Boston Manor,Northfields,864,866,Piccadilly line to Northfields
Northfields,South Ealing,866,867,Piccadilly line to South Ealing
South Ealing,Acton Town,867,871,Piccadilly line to Acton Town
Acton Town,Turnham Green,874,878,District line to Turnham Green
Turnham Green,Hammersmith (Dist&Picc Line),878,883,District line to Hammersmith (Dist&Picc Line)
Hammersmith (Dist&Picc Line),Barons Court,884,885,District line or Piccadilly line to Barons Court
Barons Court,Earl's Court,886,888,Piccadilly line to Earl's Court
Earl's Court,Gloucester Road,889,890,Piccadilly line to Gloucester Road
Gloucester Road,South Kensington,890,891,Circle line or Piccadilly line or District line to South Kensington
South Kensington,Knightsbridge,892,894,Piccadilly line to Knightsbridge
Knightsbridge,Hyde Park Corner,895,896,Piccadilly line to Hyde Park Corner
Hyde Park Corner,Green Park,896,898,Piccadilly line to Green Park
Green Park,Piccadilly Circus,899,900,Piccadilly line to Piccadilly Circus
Piccadilly Circus,Leicester Square,900,901,Piccadilly line to Leicester Square
Leicester Square,Covent Garden,902,902,Piccadilly line to Covent Garden
Covent Garden,Holborn,903,904,Piccadilly line to Holborn
Holborn,Russell Square,905,906,Piccadilly line to Russell Square
Russell Square,King's Cross St. Pancras,906,908,Piccadilly line to King's Cross St.Pancras
King's Cross St. Pancras,Caledonian Road,909,911,Piccadilly line to Caledonian Road
Caledonian Road,Holloway Road,912,913,Piccadilly line to Holloway Road
Holloway Road,Arsenal,913,914,Piccadilly line to Arsenal
Arsenal,Finsbury Park,915,916,Piccadilly line to Finsbury Park
Finsbury Park,Manor House,916,918,Piccadilly line to Manor House
Manor House,Turnpike Lane,918,921,Piccadilly line to Turnpike Lane
Turnpike Lane,Wood Green,922,923,Piccadilly line to Wood Green
Wood Green,Bounds Green,924,926,Piccadilly line to Bounds Green
Bounds Green,Arnos Grove,926,929,Piccadilly line to Arnos Grove
Arnos Grove,Southgate,930,933,Piccadilly line to Southgate
Southgate,Oakwood,933,936,Piccadilly line to Oakwood
Oakwood,Cockfosters,936,940,Piccadilly line to Cockfosters
Uxbridge,Hillingdon,841,843,Metropolitan line or Piccadilly line to Hillingdon
Hillingdon,Ickenham,843,845,Metropolitan line or Piccadilly line to Ickenham
Ickenham,Ruislip,845,847,Metropolitan line or Piccadilly line to Ruislip
Ruislip,Ruislip Manor,848,849,Metropolitan line or Piccadilly line to Ruislip Manor
Ruislip Manor,Eastcote,849,851,Metropolitan line or Piccadilly line to Eastcote
Eastcote,Rayners Lane,851,853,Metropolitan line or Piccadilly line to Rayners Lane
Rayners Lane,South Harrow,858,861,Piccadilly line to South Harrow
South Harrow,Sudbury Hill,862,864,Piccadilly line to Sudbury Hill
Sudbury Hill,Sudbury Town,865,867,Piccadilly line to Sudbury Town
Sudbury Town,Alperton,867,869,Piccadilly line to Alperton
Alperton,Park Royal,870,872,Piccadilly line to Park Royal
Park Royal,North Ealing,872,874,Piccadilly line to North Ealing
North Ealing,Ealing Common,874,876,Piccadilly line to Ealing Common
Ealing Common,Acton Town,876,879,Piccadilly line or District line to Acton Town
Acton Town,Turnham Green,884,888,District line to Turnham Green
Turnham Green,Hammersmith (Dist&Picc Line),888,893,District line to Hammersmith (Dist&Picc Line)
Hammersmith (Dist&Picc Line),Barons Court,893,894,Piccadilly line or District line to Barons Court
Barons Court,Earl's Court,895,897,Piccadilly line to Earl's Court
Earl's Court,Gloucester Road,898,899,Piccadilly line to Gloucester Road
Gloucester Road,South Kensington,900,901,Circle line or District line or Piccadilly line to South Kensington
South Kensington,Knightsbridge,901,903,Piccadilly line to Knightsbridge
Knightsbridge,Hyde Park Corner,904,905,Piccadilly line to Hyde Park Corner
Hyde Park Corner,Green Park,905,907,Piccadilly line to Green Park
Green Park,Piccadilly Circus,908,909,Piccadilly line to Piccadilly Circus
Piccadilly Circus,Leicester Square,909,910,Piccadilly line to Leicester Square
Leicester Square,Covent Garden,911,911,Piccadilly line to Covent Garden
Covent Garden,Holborn,912,913,Piccadilly line to Holborn
Holborn,Russell Square,914,915,Piccadilly line to Russell Square
Russell Square,King's Cross St. Pancras,915,917,Piccadilly line to King's Cross St.Pancras
King's Cross St. Pancras,Caledonian Road,918,920,Piccadilly line to Caledonian Road
Caledonian Road,Holloway Road,921,922,Piccadilly line to Holloway Road
Holloway Road,Arsenal,922,923,Piccadilly line to Arsenal
Arsenal,Finsbury Park,924,925,Piccadilly line to Finsbury Park
Finsbury Park,Manor House,925,927,Piccadilly line to Manor House
Manor House,Turnpike Lane,927,930,Piccadilly line to Turnpike Lane
Turnpike Lane,Wood Green,931,932,Piccadilly line to Wood Green
Wood Green,Bounds Green,933,935,Piccadilly line to Bounds Green
Bounds Green,Arnos Grove,935,938,Piccadilly line to Arnos Grove
Arnos Grove,Southgate,939,942,Piccadilly line to Southgate
Southgate,Oakwood,942,945,Piccadilly line to Oakwood
Oakwood,Cockfosters,945,950,Piccadilly line to Cockfosters
Heathrow Terminal 5,Heathrow Terminals 2 & 3,854,857,Piccadilly line to Heathrow Terminals 2 & 3
Heathrow Terminals 2 & 3,Hatton Cross,858,860,Piccadilly line to Hatton Cross
Hatton Cross,Hounslow West,861,864,Piccadilly line to Hounslow West
Hounslow West,Hounslow Central,864,866,Piccadilly line to Hounslow Central
Hounslow Central,Hounslow East,867,868,Piccadilly line to Hounslow East
Hounslow East,Osterley,868,870,Piccadilly line to Osterley
Osterley,Boston Manor,870,873,Piccadilly line to Boston Manor
Boston Manor,Northfields,874,876,Piccadilly line to Northfields
Northfields,South Ealing,878,878,Piccadilly line to South Ealing
South Ealing,Acton Town,879,882,Piccadilly line to Acton Town
Uxbridge,Hillingdon,856,858,Metropolitan line or Piccadilly line to Hillingdon
Hillingdon,Ickenham,858,860,Metropolitan line or Piccadilly line to Ickenham
Ickenham,Ruislip,860,862,Metropolitan line or Piccadilly line to Ruislip
Ruislip,Ruislip Manor,863,864,Metropolitan line or Piccadilly line to Ruislip Manor
Ruislip Manor,Eastcote,864,866,Metropolitan line or Piccadilly line to Eastcote
Eastcote,Rayners Lane,866,868,Metropolitan line or Piccadilly line to Rayners Lane
Rayners Lane,South Harrow,879,882,Piccadilly line to South Harrow
South Harrow,Sudbury Hill,882,884,Piccadilly line to Sudbury Hill
Sudbury Hill,Sudbury Town,885,887,Piccadilly line to Sudbury Town
Sudbury Town,Alperton,887,889,Piccadilly line to Alperton
Alperton,Park Royal,890,892,Piccadilly line to Park Royal
Park Royal,North Ealing,892,894,Piccadilly line to North Ealing
North Ealing,Ealing Common,894,896,Piccadilly line to Ealing Common
Ealing Common,Acton Town,896,899,Piccadilly line or District line to Acton Town
Acton Town,Turnham Green,904,908,District line to Turnham Green
Turnham Green,Hammersmith (Dist&Picc Line),908,913,District line to Hammersmith (Dist&Picc Line)
Hammersmith (Dist&Picc Line),Barons Court,913,914,Piccadilly line or District line to Barons Court
Barons Court,Earl's Court,915,917,Piccadilly line to Earl's Court
Earl's Court,Gloucester Road,918,919,Piccadilly line to Gloucester Road
Gloucester Road,South Kensington,920,921,Circle line or District line or Piccadilly line to South Kensington
South Kensington,Knightsbridge,921,923,Piccadilly line to Knightsbridge
Knightsbridge,Hyde Park Corner,924,925,Piccadilly line to Hyde Park Corner
Hyde Park Corner,Green Park,925,927,Piccadilly line to Green Park
Green Park,Piccadilly Circus,928,929,Piccadilly line to Piccadilly Circus
Piccadilly Circus,Leicester Square,929,930,Piccadilly line to Leicester Square
Leicester Square,Covent Garden,931,931,Piccadilly line to Covent Garden
Covent Garden,Holborn,932,933,Piccadilly line to Holborn
Holborn,Russell Square,934,935,Piccadilly line to Russell Square
Russell Square,King's Cross St. Pancras,935,937,Piccadilly line to King's Cross St.Pancras
King's Cross St. Pancras,Caledonian Road,938,940,Piccadilly line to Caledonian Road
Caledonian Road,Holloway Road,941,942,Piccadilly line to Holloway Road
Holloway Road,Arsenal,942,943,Piccadilly line to Arsenal
Arsenal,Finsbury Park,944,945,Piccadilly line to Finsbury Park
Finsbury Park,Manor House,945,947,Piccadilly line to Manor House
Manor House,Turnpike Lane,947,950,Piccadilly line to Turnpike Lane
Turnpike Lane,Wood Green,951,952,Piccadilly line to Wood Green
Wood Green,Bounds Green,953,955,Piccadilly line to Bounds Green
Bounds Green,Arnos Grove,955,958,Piccadilly line to Arnos Grove
Arnos Grove,Southgate,959,962,Piccadilly line to Southgate
Southgate,Oakwood,962,965,Piccadilly line to Oakwood
Oakwood,Cockfosters,965,968,Piccadilly line to Cockfosters
Heathrow Terminal 5,Heathrow Terminals 2 & 3,864,867,Piccadilly line to Heathrow Terminals 2 & 3
Heathrow Terminals 2 & 3,Hatton Cross,868,870,Piccadilly line to Hatton Cross
Hatton Cross,Hounslow West,871,874,Piccadilly line to Hounslow West
Hounslow West,Hounslow Central,874,876,Piccadilly line to Hounslow Central
Hounslow Central,Hounslow East,877,878,Piccadilly line to Hounslow East
Hounslow East,Osterley,878,880,Piccadilly line to Osterley
Osterley,Boston Manor,880,883,Piccadilly line to Boston Manor
Boston Manor,Northfields,884,886,Piccadilly line to Northfields
Northfields,South Ealing,886,887,Piccadilly line to South Ealing
South Ealing,Acton Town,887,891,Piccadilly line to Acton Town
Acton Town,Turnham Green,894,898,District line to Turnham Green
Turnham Green,Hammersmith (Dist&Picc Line),898,903,District line to Hammersmith (Dist&Picc Line)
Hammersmith (Dist&Picc Line),Barons Court,904,905,District line or Piccadilly line to Barons Court
Barons Court,Earl's Court,906,908,Piccadilly line to Earl's Court
Earl's Court,Gloucester Road,909,910,Piccadilly line to Gloucester Road
Gloucester Road,South Kensington,910,911,Circle line or Piccadilly line or District line to South Kensington
South Kensington,Knightsbridge,912,914,Piccadilly line to Knightsbridge
Knightsbridge,Hyde Park Corner,915,916,Piccadilly line to Hyde Park Corner
Hyde Park Corner,Green Park,916,918,Piccadilly line to Green Park
Green Park,Piccadilly Circus,919,920,Piccadilly line to Piccadilly Circus
Piccadilly Circus,Leicester Square,920,921,Piccadilly line to Leicester Square
Leicester Square,Covent Garden,922,922,Piccadilly line to Covent Garden
Covent Garden,Holborn,923,924,Piccadilly line to Holborn
Holborn,Russell Square,925,926,Piccadilly line to Russell Square
Russell Square,King's Cross St. Pancras,926,928,Piccadilly line to King's Cross St.Pancras
King's Cross St. Pancras,Caledonian Road,929,931,Piccadilly line to Caledonian Road
Caledonian Road,Holloway Road,932,933,Piccadilly line to Holloway Road
Holloway Road,Arsenal,933,934,Piccadilly line to Arsenal
Arsenal,Finsbury Park,935,936,Piccadilly line to Finsbury Park
Finsbury Park,Manor House,936,938,Piccadilly line to Manor House
Manor House,Turnpike Lane,938,941,Piccadilly line to Turnpike Lane
Turnpike Lane,Wood Green,942,943,Piccadilly line to Wood Green
Wood Green,Bounds Green,944,946,Piccadilly line to Bounds Green
Bounds Green,Arnos Grove,946,949,Piccadilly line to Arnos Grove
Arnos Grove,Southgate,950,953,Piccadilly line to Southgate
Southgate,Oakwood,953,956,Piccadilly line to Oakwood
Oakwood,Cockfosters,956,959,Piccadilly line to Cockfosters
Uxbridge,Hillingdon,863,865,Metropolitan line or Piccadilly line to Hillingdon
Hillingdon,Ickenham,865,867,Metropolitan line or Piccadilly line to Ickenham
Ickenham,Ruislip,867,869,Metropolitan line or Piccadilly line to Ruislip
Ruislip,Ruislip Manor,870,871,Metropolitan line or Piccadilly line to Ruislip Manor
Ruislip Manor,Eastcote,871,873,Metropolitan line or Piccadilly line to Eastcote
Eastcote,Rayners Lane,873,875,Metropolitan line or Piccadilly line to Rayners Lane
Heathrow Terminal 5,Heathrow Terminals 2 & 3,874,877,Piccadilly line to Heathrow Terminals 2 & 3
Heathrow Terminals 2 & 3,Hatton Cross,878,880,Piccadilly line to Hatton Cross
Hatton Cross,Hounslow West,881,884,Piccadilly line to Hounslow West
Hounslow West,Hounslow Central,884,886,Piccadilly line to Hounslow Central
Hounslow Central,Hounslow East,887,888,Piccadilly line to Hounslow East
Hounslow East,Osterley,888,890,Piccadilly line to Osterley
Osterley,Boston Manor,890,893,Piccadilly line to Boston Manor
Boston Manor,Northfields,894,896,Piccadilly line to Northfields
Northfields,South Ealing,898,898,Piccadilly line to South Ealing
South Ealing,Acton Town,899,902,Piccadilly line to Acton Town
Uxbridge,Hillingdon,866,868,Piccadilly line or Metropolitan line to Hillingdon
Hillingdon,Ickenham,868,870,Piccadilly line or Metropolitan line to Ickenham
Ickenham,Ruislip,870,872,Piccadilly line or Metropolitan line to Ruislip
Ruislip,Ruislip Manor,873,874,Piccadilly line or Metropolitan line to Ruislip Manor
Ruislip Manor,Eastcote,874,876,Piccadilly line or Metropolitan line to Eastcote
Eastcote,Rayners Lane,876,878,Piccadilly line or Metropolitan line to Rayners Lane
Turnpike Lane,Wood Green,948,949,Piccadilly line to Wood Green
Wood Green,Bounds Green,950,952,Piccadilly line to Bounds Green
Bounds Green,Arnos Grove,952,955,Piccadilly line to Arnos Grove
Arnos Grove,Southgate,956,959,Piccadilly line to Southgate
Southgate,Oakwood,959,962,Piccadilly line to Oakwood
Oakwood,Cockfosters,962,965,Piccadilly line to Cockfosters
Uxbridge,Hillingdon,871,873,Metropolitan line or Piccadilly line to Hillingdon
Hillingdon,Ickenham,873,875,Metropolitan line or Piccadilly line to Ickenham
Ickenham,Ruislip,875,877,Metropolitan line or Piccadilly line to Ruislip
Ruislip,Ruislip Manor,878,879,Metropolitan line or Piccadilly line to Ruislip Manor
Ruislip Manor,Eastcote,879,881,Metropolitan line or Piccadilly line to Eastcote
Eastcote,Rayners Lane,881,883,Metropolitan line or Piccadilly line to Rayners Lane
Rayners Lane,South Harrow,889,892,Piccadilly line to South Harrow
South Harrow,Sudbury Hill,892,894,Piccadilly line to Sudbury Hill
Sudbury Hill,Sudbury Town,895,897,Piccadilly line to Sudbury Town
Sudbury Town,Alperton,897,899,Piccadilly line to Alperton
Alperton,Park Royal,900,902,Piccadilly line to Park Royal
Park Royal,North Ealing,902,904,Piccadilly line to North Ealing
North Ealing,Ealing Common,904,906,Piccadilly line to Ealing Common
Ealing Common,Acton Town,906,909,Piccadilly line or District line to Acton Town
Acton Town,Turnham Green,914,918,District line to Turnham Green
Turnham Green,Hammersmith (Dist&Picc Line),918,923,District line to Hammersmith (Dist&Picc Line)
Hammersmith (Dist&Picc Line),Barons Court,924,925,District line or Piccadilly line to Barons Court
Barons Court,Earl's Court,926,928,Piccadilly line to Earl's Court
Earl's Court,Gloucester Road,929,930,Piccadilly line to Gloucester Road
Gloucester Road,South Kensington,930,931,Circle line or Piccadilly line or District line to South Kensington
South Kensington,Knightsbridge,932,934,Piccadilly line to Knightsbridge
Knightsbridge,Hyde Park Corner,935,936,Piccadilly line to Hyde Park Corner
Hyde Park Corner,Green Park,936,938,Piccadilly line to Green Park
Green Park,Piccadilly Circus,939,940,Piccadilly line to Piccadilly Circus
Piccadilly Circus,Leicester Square,940,941,Piccadilly line to Leicester Square
Leicester Square,Covent Garden,942,942,Piccadilly line to Covent Garden
Covent Garden,Holborn,943,944,Piccadilly line to Holborn
Holborn,Russell Square,945,946,Piccadilly line to Russell Square
Russell Square,King's Cross St. Pancras,946,948,Piccadilly line to King's Cross St.Pancras
King's Cross St. Pancras,Caledonian Road,949,951,Piccadilly line to Caledonian Road
Caledonian Road,Holloway Road,952,953,Piccadilly line to Holloway Road
Holloway Road,Arsenal,953,954,Piccadilly line to Arsenal
Arsenal,Finsbury Park,955,956,Piccadilly line to Finsbury Park
Finsbury Park,Manor House,956,958,Piccadilly line to Manor House
Turnpike Lane,Wood Green,959,960,Piccadilly line to Wood Green
Wood Green,Bounds Green,961,963,Piccadilly line to Bounds Green
Bounds Green,Arnos Grove,963,966,Piccadilly line to Arnos Grove
Arnos Grove,Southgate,967,970,Piccadilly line to Southgate
Southgate,Oakwood,970,973,Piccadilly line to Oakwood
Oakwood,Cockfosters,973,976,Piccadilly line to Cockfosters
Heathrow Terminal 5,Heathrow Terminals 2 & 3,884,887,Piccadilly line to Heathrow Terminals 2 & 3
Heathrow Terminals 2 & 3,Hatton Cross,888,890,Piccadilly line to Hatton Cross
Hatton Cross,Hounslow West,891,894,Piccadilly line to Hounslow West
Hounslow West,Hounslow Central,894,896,Piccadilly line to Hounslow Central
Hounslow Central,Hounslow East,897,898,Piccadilly line to Hounslow East
Hounslow East,Osterley,898,900,Piccadilly line to Osterley
Osterley,Boston Manor,900,903,Piccadilly line to Boston Manor
Boston Manor,Northfields,904,906,Piccadilly line to Northfields
Northfields,South Ealing,906,907,Piccadilly line to South Ealing
South Ealing,Acton Town,907,911,Piccadilly line to Acton Town
Uxbridge,Hillingdon,878,880,Metropolitan line or Piccadilly line to Hillingdon
Hillingdon,Ickenham,881,882,Metropolitan line to Ickenham
Ickenham,Ruislip,883,885,Metropolitan line or Piccadilly line to Ruislip
Ruislip,Ruislip Manor,885,886,Metropolitan line or Piccadilly line to Ruislip Manor
Ruislip Manor,Eastcote,887,888,Metropolitan line to Eastcote
Eastcote,Rayners Lane,889,890,Metropolitan line to Rayners Lane
Rayners Lane,South Harrow,896,899,Piccadilly line to South Harrow
South Harrow,Sudbury Hill,902,904,Piccadilly line to Sudbury Hill
Sudbury Hill,Sudbury Town,905,907,Piccadilly line to Sudbury Town
Sudbury Town,Alperton,907,909,Piccadilly line to Alperton
Alperton,Park Royal,910,912,Piccadilly line to Park Royal
Park Royal,North Ealing,912,914,Piccadilly line to North Ealing
North Ealing,Ealing Common,914,916,Piccadilly line to Ealing Common
Ealing Common,Acton Town,916,919,Piccadilly line or District line to Acton Town
Acton Town,Turnham Green,923,927,District line to Turnham Green
Turnham Green,Hammersmith (Dist&Picc Line),927,932,District line to Hammersmith (Dist&Picc Line)
Hammersmith (Dist&Picc Line),Barons Court,933,934,District line or Piccadilly line to Barons Court
Barons Court,Earl's Court,935,937,Piccadilly line to Earl's Court
Earl's Court,Gloucester Road,938,939,Piccadilly line to Gloucester Road
Gloucester Road,South Kensington,940,941,Circle line or District line or Piccadilly line to South Kensington
South Kensington,Knightsbridge,941,943,Piccadilly line to Knightsbridge
Knightsbridge,Hyde Park Corner,944,945,Piccadilly line to Hyde Park Corner
Hyde Park Corner,Green Park,945,947,Piccadilly line to Green Park
Green Park,Piccadilly Circus,948,949,Piccadilly line to Piccadilly Circus
Piccadilly Circus,Leicester Square,949,950,Piccadilly line to Leicester Square
Leicester Square,Covent Garden,951,951,Piccadilly line to Covent Garden
Covent Garden,Holborn,952,953,Piccadilly line to Holborn
Holborn,Russell Square,954,955,Piccadilly line to Russell Square
Russell Square,King's Cross St. Pancras,955,957,Piccadilly line to King's Cross St.Pancras
King's Cross St. Pancras,Caledonian Road,958,960,Piccadilly line to Caledonian Road
Caledonian Road,Holloway Road,961,962,Piccadilly line to Holloway Road
Holloway Road,Arsenal,962,963,Piccadilly line to Arsenal
Arsenal,Finsbury Park,964,965,Piccadilly line to Finsbury Park
Finsbury Park,Manor House,965,967,Piccadilly line to Manor House
Manor House,Turnpike Lane,967,970,Piccadilly line to Turnpike Lane
Turnpike Lane,Wood Green,971,972,Piccadilly line to Wood Green
Wood Green,Bounds Green,973,975,Piccadilly line to Bounds Green
Bounds Green,Arnos Grove,975,978,Piccadilly line to Arnos Grove
Arnos Grove,Southgate,979,982,Piccadilly line to Southgate
Southgate,Oakwood,982,985,Piccadilly line to Oakwood
Oakwood,Cockfosters,985,988,Piccadilly line to Cockfosters
Manor House,Turnpike Lane,958,961,Piccadilly line to Turnpike Lane
Turnpike Lane,Wood Green,962,963,Piccadilly line to Wood Green
Wood Green,Bounds Green,964,966,Piccadilly line to Bounds Green
Bounds Green,Arnos Grove,966,969,Piccadilly line to Arnos Grove
Arnos Grove,Southgate,970,973,Piccadilly line to Southgate
Southgate,Oakwood,973,976,Piccadilly line to Oakwood
Oakwood,Cockfosters,976,979,Piccadilly line to Cockfosters
Uxbridge,Hillingdon,883,885,Piccadilly line or Metropolitan line to Hillingdon
Hillingdon,Ickenham,885,887,Piccadilly line or Metropolitan line to Ickenham
Ickenham,Ruislip,887,889,Piccadilly line or Metropolitan line to Ruislip
Ruislip,Ruislip Manor,890,891,Piccadilly line or Metropolitan line to Ruislip Manor
Ruislip Manor,Eastcote,891,893,Piccadilly line or Metropolitan line to Eastcote
Eastcote,Rayners Lane,893,895,Piccadilly line or Metropolitan line to Rayners Lane
Heathrow Terminal 5,Heathrow Terminals 2 & 3,894,897,Piccadilly line to Heathrow Terminals 2 & 3
Heathrow Terminals 2 & 3,Hatton Cross,898,900,Piccadilly line to Hatton Cross
Hatton Cross,Hounslow West,901,904,Piccadilly line to Hounslow West
Hounslow West,Hounslow Central,904,906,Piccadilly line to Hounslow Central
Hounslow Central,Hounslow East,907,908,Piccadilly line to Hounslow East
Hounslow East,Osterley,908,910,Piccadilly line to Osterley
Osterley,Boston Manor,910,913,Piccadilly line to Boston Manor
Boston Manor,Northfields,914,916,Piccadilly line to Northfields
Northfields,South Ealing,918,918,Piccadilly line to South Ealing
South Ealing,Acton Town,919,922,Piccadilly line to Acton Town
Uxbridge,Hillingdon,886,888,Metropolitan line to Hillingdon
Hillingdon,Ickenham,888,890,Metropolitan line to Ickenham
Ickenham,Ruislip,890,892,Metropolitan line to Ruislip
Ruislip,Ruislip Manor,893,894,Metropolitan line to Ruislip Manor
Ruislip Manor,Eastcote,894,896,Metropolitan line to Eastcote
Eastcote,Rayners Lane,896,898,Metropolitan line to Rayners Lane
Rayners Lane,South Harrow,909,912,Piccadilly line to South Harrow
South Harrow,Sudbury Hill,912,914,Piccadilly line to Sudbury Hill
Sudbury Hill,Sudbury Town,915,917,Piccadilly line to Sudbury Town
Sudbury Town,Alperton,917,919,Piccadilly line to Alperton
Alperton,Park Royal,920,922,Piccadilly line to Park Royal
Park Royal,North Ealing,922,924,Piccadilly line to North Ealing
North Ealing,Ealing Common,924,926,Piccadilly line to Ealing Common
Ealing Common,Acton Town,926,929,Piccadilly line or District line to Acton Town
Acton Town,Turnham Green,934,938,District line to Turnham Green
Turnham Green,Hammersmith (Dist&Picc Line),938,943,District line to Hammersmith (Dist&Picc Line)
Hammersmith (Dist&Picc Line),Barons Court,944,945,District line or Piccadilly line to Barons Court
Barons Court,Earl's Court,946,949,Piccadilly line to Earl's Court
Earl's Court,Gloucester Road,949,951,Piccadilly line or District line to Gloucester Road
Gloucester Road,South Kensington,951,952,Piccadilly line or District line or Circle line to South Kensington
South Kensington,Knightsbridge,953,955,Piccadilly line to Knightsbridge
Knightsbridge,Hyde Park Corner,955,956,Piccadilly line to Hyde Park Corner
Hyde Park Corner,Green Park,957,959,Piccadilly line to Green Park
Green Park,Piccadilly Circus,959,960,Piccadilly line to Piccadilly Circus
Piccadilly Circus,Leicester Square,961,962,Piccadilly line to Leicester Square
Leicester Square,Covent Garden,962,963,Piccadilly line to Covent Garden
Covent Garden,Holborn,963,964,Piccadilly line to Holborn
Holborn,Russell Square,965,966,Piccadilly line to Russell Square
Russell Square,King's Cross St. Pancras,967,968,Piccadilly line to King's Cross St.Pancras
King's Cross St. Pancras,Caledonian Road,969,972,Piccadilly line to Caledonian Road
Caledonian Road,Holloway Road,972,973,Piccadilly line to Holloway Road
Holloway Road,Arsenal,974,975,Piccadilly line to Arsenal
Arsenal,Finsbury Park,975,977,Piccadilly line to Finsbury Park
Finsbury Park,Manor House,977,979,Piccadilly line to Manor House
Manor House,Turnpike Lane,979,982,Piccadilly line to Turnpike Lane
Turnpike Lane,Wood Green,983,984,Piccadilly line to Wood Green
Wood Green,Bounds Green,985,987,Piccadilly line to Bounds Green
Bounds Green,Arnos Grove,987,991,Piccadilly line to Arnos Grove
Arnos Grove,Southgate,994,997,Piccadilly line to Southgate
Southgate,Oakwood,997,1000,Piccadilly line to Oakwood
Oakwood,Cockfosters,1000,1003,Piccadilly line to Cockfosters
Uxbridge,Hillingdon,893,895,Metropolitan line or Piccadilly line to Hillingdon
Hillingdon,Ickenham,896,897,Metropolitan line to Ickenham
Ickenham,Ruislip,898,900,Metropolitan line or Piccadilly line to Ruislip
Ruislip,Ruislip Manor,900,901,Metropolitan line or Piccadilly line to Ruislip Manor
Ruislip Manor,Eastcote,902,903,Metropolitan line to Eastcote
Eastcote,Rayners Lane,904,905,Metropolitan line to Rayners Lane
Heathrow Terminal 5,Heathrow Terminals 2 & 3,904,907,Piccadilly line to Heathrow Terminals 2 & 3
Heathrow Terminals 2 & 3,Hatton Cross,908,910,Piccadilly line to Hatton Cross
Hatton Cross,Hounslow West,911,914,Piccadilly line to Hounslow West
Hounslow West,Hounslow Central,914,916,Piccadilly line to Hounslow Central
Hounslow Central,Hounslow East,917,918,Piccadilly line to Hounslow East
Hounslow East,Osterley,918,920,Piccadilly line to Osterley
Osterley,Boston Manor,920,923,Piccadilly line to Boston Manor
Boston Manor,Northfields,924,926,Piccadilly line to Northfields
Northfields,South Ealing,926,927,Piccadilly line to South Ealing
South Ealing,Acton Town,927,931,Piccadilly line to Acton Town
Uxbridge,Hillingdon,901,903,Metropolitan line or Piccadilly line to Hillingdon
Hillingdon,Ickenham,903,905,Metropolitan line or Piccadilly line to Ickenham
Ickenham,Ruislip,905,907,Metropolitan line or Piccadilly line to Ruislip
Ruislip,Ruislip Manor,908,909,Metropolitan line or Piccadilly line to Ruislip Manor
Ruislip Manor,Eastcote,909,911,Metropolitan line or Piccadilly line to Eastcote
Eastcote,Rayners Lane,911,913,Metropolitan line or Piccadilly line to Rayners Lane
Rayners Lane,South Harrow,918,921,Piccadilly line to South Harrow
South Harrow,Sudbury Hill,922,924,Piccadilly line to Sudbury Hill
Sudbury Hill,Sudbury Town,925,927,Piccadilly line to Sudbury Town
Sudbury Town,Alperton,927,929,Piccadilly line to Alperton
Alperton,Park Royal,930,932,Piccadilly line to Park Royal
Park Royal,North Ealing,932,934,Piccadilly line to North Ealing
North Ealing,Ealing Common,934,936,Piccadilly line to Ealing Common
Ealing Common,Acton Town,936,939,Piccadilly line or District line to Acton Town
Acton Town,Turnham Green,944,947,District line to Turnham Green
Turnham Green,Hammersmith (Dist&Picc Line),948,953,District line to Hammersmith (Dist&Picc Line)
Hammersmith (Dist&Picc Line),Barons Court,953,954,District line or Piccadilly line to Barons Court
Barons Court,Earl's Court,954,957,Piccadilly line to Earl's Court
Earl's Court,Gloucester Road,957,959,Piccadilly line or District line to Gloucester Road
Gloucester Road,South Kensington,959,960,Piccadilly line or Circle line or District line to South Kensington
South Kensington,Knightsbridge,961,963,Piccadilly line to Knightsbridge
Knightsbridge,Hyde Park Corner,963,964,Piccadilly line to Hyde Park Corner
Hyde Park Corner,Green Park,965,967,Piccadilly line to Green Park
Green Park,Piccadilly Circus,967,968,Piccadilly line to Piccadilly Circus
Piccadilly Circus,Leicester Square,969,970,Piccadilly line to Leicester Square
Leicester Square,Covent Garden,970,971,Piccadilly line to Covent Garden
Covent Garden,Holborn,971,972,Piccadilly line to Holborn
Holborn,Russell Square,973,974,Piccadilly line to Russell Square
Russell Square,King's Cross St. Pancras,975,976,Piccadilly line to King's Cross St.Pancras
King's Cross St. Pancras,Caledonian Road,977,980,Piccadilly line to Caledonian Road
Caledonian Road,Holloway Road,980,981,Piccadilly line to Holloway Road
Holloway Road,Arsenal,982,983,Piccadilly line to Arsenal
Arsenal,Finsbury Park,983,985,Piccadilly line to Finsbury Park
Finsbury Park,Manor House,985,987,Piccadilly line to Manor House
Manor House,Turnpike Lane,987,990,Piccadilly line to Turnpike Lane
Turnpike Lane,Wood Green,991,992,Piccadilly line to Wood Green
Wood Green,Bounds Green,993,995,Piccadilly line to Bounds Green
Bounds Green,Arnos Grove,996,999,Piccadilly line to Arnos Grove
Arnos Grove,Southgate,1000,1002,Piccadilly line to Southgate
Southgate,Oakwood,1003,1005,Piccadilly line to Oakwood
Oakwood,Cockfosters,1006,1009,Piccadilly line to Cockfosters
